player,tm,pos,g,mp,mp2,oncourt,on_off,badpass,lostball,shoot_fouls_committed,off_fouls_committed,shoot_fouls_drawn,off_fouls_drawn,pga,and1,blkd,link,season
Monique Billings,ATL,F,32,353,353,1.8,-2.5,3,2,17,5,16,NA,27,4,10,/wnba/players/b/billimo01w.html,2018
Imani McGee-Stafford,ATL,C,29,305,305,-4,-9.9,6,4,22,10,7,NA,41,1,5,/wnba/players/b/boyetim01w.html,2018
Jessica Breland,ATL,F,34,899,899,5.2,4.6,32,15,55,1,22,NA,150,4,18,/wnba/players/b/brelaje01w.html,2018
Damiris Dantas,ATL,F,19,255,255,-8.3,-14.7,2,2,12,5,5,NA,36,2,6,/wnba/players/d/dantada01w.html,2018
Blake Dietrick,ATL,G,26,186,186,-10.8,-16.7,6,2,10,2,1,NA,25,0,5,/wnba/players/d/dietrbl01w.html,2018
Adaora Elonu,ATL,F,1,1,1,150,146.4,0,0,0,0,0,NA,0,0,0,/wnba/players/e/elonuad01w.html,2018
Tiffany Hayes,ATL,G,31,897,897,9,15.8,20,21,24,5,64,NA,195,18,14,/wnba/players/h/hayesti01w.html,2018
Angel McCoughtry,ATL,F-G,29,799,799,4.4,1.8,36,17,23,15,59,NA,190,11,20,/wnba/players/m/mccouan01w.html,2018
Renee Montgomery,ATL,G,34,935,935,7.2,11.4,38,10,12,4,17,NA,269,4,11,/wnba/players/m/montgre01w.html,2018
Alexis Prince,ATL,F,2,6,6,60,56.5,0,0,1,0,0,NA,0,0,0,/wnba/players/p/princal01w.html,2018
Brittney Sykes,ATL,G,29,600,600,7.2,6.2,19,9,21,2,37,NA,156,4,11,/wnba/players/s/sykesbr01w.html,2018
Elizabeth Williams,ATL,C-F,33,885,885,7.7,11.7,11,18,45,6,48,NA,110,5,34,/wnba/players/w/williel01w.html,2018
Alaina Coates,CHI,C,32,364,364,-3.7,5.9,4,3,39,6,19,NA,31,6,12,/wnba/players/c/coateal01w.html,2018
Kahleah Copper,CHI,G-F,33,524,524,-13.2,-8.2,19,10,14,3,25,NA,49,6,16,/wnba/players/c/coppeka01w.html,2018
Diamond DeShields,CHI,G,34,967,967,-5,10.7,47,16,28,2,62,NA,162,11,25,/wnba/players/d/deshidi01w.html,2018
Stefanie Dolson,CHI,C,27,745,745,-3.2,10.8,24,9,29,10,9,NA,186,7,8,/wnba/players/d/dolsost01w.html,2018
Jamierra Faulkner,CHI,G,17,360,360,-7.8,0.4,23,8,10,0,12,NA,150,2,8,/wnba/players/f/faulkja01w.html,2018
Linnae Harper,CHI,G,24,146,146,-14.3,-6.9,7,3,6,0,3,NA,57,2,4,/wnba/players/h/harpeli01w.html,2018
Amber Harris,CHI,F,1,2,2,150,158.2,0,0,0,0,0,NA,0,0,0,/wnba/players/h/harriam01w.html,2018
Chelsea Hopkins,CHI,G,4,58,58,-13.7,-5.8,6,1,1,0,1,NA,18,1,0,/wnba/players/h/hopkich01w.html,2018
Alex Montgomery,CHI,G-F,19,122,122,-10.4,-2.4,4,0,9,1,2,NA,20,0,3,/wnba/players/m/montgal01w.html,2018
Astou Ndour,CHI,C-F,22,255,255,-11,-3.5,2,3,21,3,11,NA,18,0,6,/wnba/players/n/ndouras01w.html,2018
Cheyenne Parker,CHI,F,34,670,670,-7.5,1.2,12,12,52,11,47,NA,56,4,31,/wnba/players/p/parkech01w.html,2018
Allie Quigley,CHI,G,32,951,951,-7.7,1.3,38,16,34,4,21,NA,177,4,7,/wnba/players/q/quiglal01w.html,2018
Courtney Vandersloot,CHI,G,30,955,955,-8,0.3,71,22,30,3,28,NA,596,9,17,/wnba/players/v/vandeco01w.html,2018
Gabby Williams,CHI,F,34,781,781,-13.9,-13.6,27,8,31,2,23,NA,132,5,24,/wnba/players/w/williga01w.html,2018
Rachel Banham,CON,G,33,424,424,-0.5,-11.4,13,3,21,2,17,NA,109,3,4,/wnba/players/b/banhara01w.html,2018
Lexie Brown,CON,G,22,124,124,-0.7,-8.8,6,2,7,1,4,NA,28,1,1,/wnba/players/b/brownle02w.html,2018
Brionna Jones,CON,F,27,242,242,-4.9,-14.8,3,3,19,8,12,NA,13,3,9,/wnba/players/j/jonesbr01w.html,2018
Jonquel Jones,CON,F,34,697,697,11.9,9.1,13,17,43,18,40,NA,132,13,13,/wnba/players/j/jonesjo01w.html,2018
Betnijah Laney,CON,G-F,29,271,271,13.7,7.9,5,4,6,4,5,NA,49,3,2,/wnba/players/l/laneybe01w.html,2018
Chiney Ogwumike,CON,F-C,31,790,790,3.7,-8.9,9,18,40,10,58,NA,76,14,35,/wnba/players/o/ogwumch01w.html,2018
Shekinna Stricklen,CON,F,34,639,639,2.4,-9.5,13,3,19,3,7,NA,37,3,3,/wnba/players/s/stricsh01w.html,2018
Alyssa Thomas,CON,F,24,734,734,15.5,17.6,20,12,26,12,39,NA,234,9,18,/wnba/players/t/thomaal01w.html,2018
Jasmine Thomas,CON,G,34,956,956,4.8,-9.1,54,19,23,8,36,NA,371,10,20,/wnba/players/t/thomaja01w.html,2018
Morgan Tuck,CON,F,34,462,462,8.5,1.7,9,7,17,5,10,NA,41,1,7,/wnba/players/t/tuckmo01w.html,2018
Courtney Williams,CON,G,30,812,812,8.6,3,32,16,23,2,8,NA,218,2,11,/wnba/players/w/willico01w.html,2018
Liz Cambage,DAL,C,32,945,945,3.9,1.2,18,31,37,22,112,NA,172,42,21,/wnba/players/c/cambael01w.html,2018
Saniya Chong,DAL,G,5,43,43,18.5,15.4,0,1,0,0,1,NA,14,0,1,/wnba/players/c/chongsa01w.html,2018
Karima Christmas-Kelly,DAL,F-G,6,167,167,12.9,10.6,7,2,4,0,7,NA,23,1,4,/wnba/players/c/chriska02w.html,2018
Kaela Davis,DAL,F,27,453,453,3.5,0,23,7,26,0,12,NA,80,2,9,/wnba/players/d/daviska01w.html,2018
Skylar Diggins-Smith,DAL,G,32,1092,1092,4.7,6.2,55,17,25,5,68,NA,458,21,38,/wnba/players/d/diggisk01w.html,2018
Cayla George,DAL,C,23,245,245,8.2,5.7,11,2,17,1,1,NA,39,0,2,/wnba/players/f/francca01w.html,2018
Allisha Gray,DAL,G,34,907,907,0.7,-8.4,20,13,28,3,36,NA,182,8,13,/wnba/players/g/grayal01w.html,2018
Glory Johnson,DAL,F,29,652,652,5.1,2.9,23,7,28,6,21,NA,91,4,16,/wnba/players/j/johnsgl01w.html,2018
Breanna Lewis,DAL,C,6,26,26,-22,-25.9,1,0,4,1,1,NA,0,1,3,/wnba/players/l/lewisbr01w.html,2018
Theresa Plaisance,DAL,F,7,81,81,5,1.6,5,1,6,1,1,NA,11,0,3,/wnba/players/p/plaisth01w.html,2018
Leticia Romero,DAL,G,21,146,146,-13.8,-19.4,3,8,12,2,1,NA,55,0,1,/wnba/players/r/romerle01w.html,2018
Azura Stevens,DAL,F-C,34,700,700,4,1,24,12,39,0,26,NA,103,5,17,/wnba/players/s/steveaz01w.html,2018
Kayla Thornton,DAL,F,34,971,971,4.2,2.5,22,5,40,5,20,NA,145,7,10,/wnba/players/t/thornka01w.html,2018
Natalie Achonwa,IND,F,34,883,883,-11,5.6,13,10,41,13,40,NA,109,9,23,/wnba/players/a/achonna01w.html,2018
Kayla Alexander,IND,C,30,257,257,-31,-22.2,1,4,16,9,8,NA,12,1,4,/wnba/players/a/alexaka01w.html,2018
Hind Ben Abdelkader,IND,G,14,142,142,0.8,15.3,0,5,6,2,0,NA,26,0,3,/wnba/players/b/benahi01w.html,2018
Candice Dupree,IND,F,32,1006,1006,-12.6,1.3,24,21,29,3,31,NA,128,8,15,/wnba/players/d/dupreca01w.html,2018
Jazmon Gwathmey,IND,G,10,116,116,-23.6,-11.6,3,3,5,1,4,NA,20,0,3,/wnba/players/g/gwathja01w.html,2018
Stephanie Mavunga,IND,F,25,194,194,-6.6,7.5,1,2,18,5,5,NA,10,1,7,/wnba/players/m/mavunst01w.html,2018
Erica McCall,IND,F,34,418,418,-10,4.2,4,1,18,4,9,NA,32,4,12,/wnba/players/m/mccaler01w.html,2018
Kelsey Mitchell,IND,G,34,829,829,-16.3,-8.4,32,19,39,3,33,NA,207,8,19,/wnba/players/m/mitchke01w.html,2018
Tiffany Mitchell,IND,G,34,871,871,-12.4,1.5,23,12,29,0,38,NA,175,9,14,/wnba/players/m/mitchti01w.html,2018
Asia Taylor,IND,F,14,116,116,-13.6,-0.7,1,5,2,2,4,NA,16,1,5,/wnba/players/t/tayloas01w.html,2018
Victoria Vivians,IND,G,34,920,920,-11.1,5.6,10,9,26,2,8,NA,97,0,8,/wnba/players/v/viviavi01w.html,2018
Erica Wheeler,IND,G,34,737,737,-9.8,6.6,24,12,27,3,23,NA,301,7,13,/wnba/players/w/wheeler01w.html,2018
Alana Beard,LAS,G-F,30,766,766,4.5,6.2,15,2,21,3,9,NA,121,0,8,/wnba/players/b/beardal01w.html,2018
Essence Carson,LAS,G,34,786,786,-1.6,-8.2,10,5,23,4,5,NA,72,2,5,/wnba/players/c/carsoes01w.html,2018
Chelsea Gray,LAS,G,34,1111,1111,3.2,7.6,50,17,26,7,37,NA,401,9,11,/wnba/players/g/graych01w.html,2018
Jantel Lavender,LAS,F,30,511,511,-12.5,-23,14,8,27,1,8,NA,54,3,6,/wnba/players/l/lavenja01w.html,2018
Nneka Ogwumike,LAS,F,27,831,831,6.5,12,17,10,36,7,42,NA,121,13,21,/wnba/players/o/ogwumnn01w.html,2018
Candace Parker,LAS,F-C,31,949,949,4.5,9,50,30,33,6,69,NA,326,21,15,/wnba/players/p/parkeca01w.html,2018
Karlie Samuelson,LAS,F,20,84,84,-3.5,-5.7,2,1,9,0,0,NA,16,0,0,/wnba/players/s/samueka01w.html,2018
Odyssey Sims,LAS,G,34,867,867,4.9,8.4,28,13,18,7,37,NA,216,9,16,/wnba/players/s/simsod01w.html,2018
Maria Vadeeva,LAS,C,25,204,204,0.8,-1.2,4,5,25,3,4,NA,27,2,2,/wnba/players/v/vadeema01w.html,2018
Sydney Wiese,LAS,G,11,36,36,-13.3,-15.5,1,0,4,0,0,NA,4,0,0,/wnba/players/w/wiesesy01w.html,2018
Riquna Williams,LAS,G,33,546,546,2.6,1.2,8,4,19,3,14,NA,49,5,3,/wnba/players/w/williri02w.html,2018
Lindsay Allen,LVA,G,24,358,358,1.3,2.2,16,3,5,0,6,NA,153,3,3,/wnba/players/a/allenli01w.html,2018
Kelsey Bone,LVA,C,32,344,344,-11,-14.4,8,10,27,5,9,NA,81,4,5,/wnba/players/b/boneke01w.html,2018
Nia Coffey,LVA,F,28,386,386,-3.9,-5,9,7,22,12,34,NA,42,6,18,/wnba/players/c/coffeni01w.html,2018
Dearica Hamby,LVA,F,33,474,474,3.7,6.3,6,13,24,7,31,NA,88,8,16,/wnba/players/h/hambyde01w.html,2018
Sequoia Holmes,LVA,G,3,20,20,-19.8,-19.8,1,0,0,0,1,NA,4,1,0,/wnba/players/h/holmese01w.html,2018
Moriah Jefferson,LVA,G,16,251,251,-6.3,-7.4,9,7,5,0,11,NA,78,3,7,/wnba/players/j/jeffemo01w.html,2018
Raigyne Louis,LVA,G,2,21,21,-0.7,-0.4,1,3,1,0,2,NA,3,1,1,/wnba/players/l/louisra01w.html,2018
Kayla McBride,LVA,G,31,1000,1000,-0.6,-1.2,35,19,11,4,53,NA,231,17,19,/wnba/players/m/mcbrika01w.html,2018
Jaime Nared,LVA,G-F,31,283,283,8.5,10.9,9,4,14,2,12,NA,29,0,2,/wnba/players/n/naredja01w.html,2018
JiSu Park,LVA,C,32,417,417,-1.9,-2.4,10,6,29,5,6,NA,65,3,8,/wnba/players/p/parkji01w.html,2018
Kelsey Plum,LVA,G,31,790,790,-1,-1.9,21,8,24,4,17,NA,265,2,10,/wnba/players/p/plumke01w.html,2018
Shoni Schimmel,LVA,G,2,13,13,66.7,67.2,0,0,0,0,0,NA,2,0,1,/wnba/players/s/schimsh01w.html,2018
Carolyn Swords,LVA,C,26,375,375,6.4,9.4,7,5,23,8,8,NA,48,2,6,/wnba/players/s/swordca01w.html,2018
A'ja Wilson,LVA,F,33,1010,1010,0.5,3.5,15,16,48,8,118,NA,160,26,50,/wnba/players/w/wilsoa01w.html,2018
Tamera Young,LVA,F,33,881,881,-0.2,0.2,39,13,23,3,44,NA,194,8,26,/wnba/players/y/youngta01w.html,2018
Seimone Augustus,MIN,G-F,33,864,864,2.8,5.3,27,8,16,2,9,NA,184,1,1,/wnba/players/a/augusse01w.html,2018
Rebekkah Brunson,MIN,F,25,691,691,3.4,5,17,7,23,9,23,NA,130,5,10,/wnba/players/b/brunsre01w.html,2018
Sydney Colson,MIN,G,2,17,17,0,-0.9,4,0,1,0,0,NA,9,0,0,/wnba/players/c/colsosy01w.html,2018
Temi Fagbenle,MIN,C,30,283,283,-9.6,-13.3,6,5,14,4,11,NA,37,3,11,/wnba/players/f/fagbete01w.html,2018
Sylvia Fowles,MIN,C,34,1087,1087,4.5,18.2,28,31,39,19,75,NA,164,19,40,/wnba/players/f/fowlesy01w.html,2018
Alexis Jones,MIN,G,26,229,229,-13.5,-17.2,10,4,14,1,5,NA,42,2,6,/wnba/players/j/jonesal01w.html,2018
Lynetta Kizer,MIN,F,14,78,78,8.2,7.7,2,0,5,2,1,NA,18,1,3,/wnba/players/k/kizerly01w.html,2018
Erlana Larkins,MIN,F,13,168,168,-1.7,-3,5,0,10,2,2,NA,40,1,3,/wnba/players/l/larkier01w.html,2018
Endy Miyem,MIN,F,20,101,101,-6.7,-8.2,0,2,8,1,1,NA,14,1,1,/wnba/players/m/miyemen01w.html,2018
Maya Moore,MIN,F,34,1081,1081,4.7,19,36,19,19,2,40,NA,189,8,6,/wnba/players/m/moorema01w.html,2018
Danielle Robinson,MIN,G,28,521,521,0.5,-0.7,32,12,7,4,19,NA,217,3,7,/wnba/players/r/robinda01w.html,2018
Lindsay Whalen*,MIN,G,32,617,617,3.1,4,20,10,11,5,17,NA,221,4,11,NA,2018
Tanisha Wright,MIN,G,33,586,586,-6,-12.1,25,10,21,6,13,NA,149,4,10,/wnba/players/w/wrighta01w.html,2018
Cecilia Zandalasini,MIN,F,29,478,478,-2.7,-5.5,13,7,23,2,11,NA,72,2,10,/wnba/players/z/zandace01w.html,2018
Rebecca Allen,NYL,G,28,291,291,4.6,19.6,6,1,14,5,11,NA,19,1,4,/wnba/players/a/allenre01w.html,2018
Brittany Boyd,NYL,G,30,613,613,-9.8,2,54,19,27,6,26,NA,366,5,9,/wnba/players/b/boydbr01w.html,2018
Tina Charles,NYL,C,33,1088,1088,-9.9,5.5,40,15,28,17,46,NA,204,15,20,/wnba/players/c/charlti01w.html,2018
Marissa Coleman,NYL,G-F,21,384,384,-10.8,0.1,4,6,10,2,4,NA,50,0,5,/wnba/players/c/colemma01w.html,2018
Bria Hartley,NYL,G,34,806,806,-12.9,-4.7,43,16,34,2,31,NA,275,10,15,/wnba/players/h/hartlbr01w.html,2018
Kia Nurse,NYL,G,34,774,774,-11.1,-0.4,11,7,21,5,26,NA,126,5,16,/wnba/players/n/nurseki01w.html,2018
Epiphanny Prince,NYL,G,16,305,305,-19.2,-10.6,6,5,7,6,10,NA,67,5,4,/wnba/players/p/princep01w.html,2018
Sugar Rodgers,NYL,G,31,608,608,-15.9,-9,21,10,43,0,6,NA,135,2,8,/wnba/players/r/rodgesu01w.html,2018
Kiah Stokes,NYL,C,30,427,427,-12.2,-1.8,8,4,38,7,6,NA,27,1,6,/wnba/players/s/stokeki01w.html,2018
Kia Vaughn,NYL,C,29,532,532,-10.7,0.4,6,5,23,11,12,NA,46,2,11,/wnba/players/v/vaughki01w.html,2018
Amanda Zahui B.,NYL,C,29,460,460,-14.4,-5.1,16,9,25,14,17,NA,52,6,14,/wnba/players/z/zahuiam01w.html,2018
Shavonte Zellous,NYL,G,22,531,531,-6.9,6.6,12,4,24,3,24,NA,151,10,7,/wnba/players/z/zellosh01w.html,2018
DeWanna Bonner,PHO,F-G,34,1120,1120,5,10.2,29,15,35,1,56,NA,249,18,23,/wnba/players/b/bonnede01w.html,2018
Brittney Griner,PHO,C,34,1108,1108,5.2,10.9,24,14,40,26,89,NA,174,25,20,/wnba/players/g/grinebr01w.html,2018
Marie Gulich,PHO,C,23,115,115,-17.8,-22.5,7,2,12,2,3,NA,4,0,4,/wnba/players/g/gulima01w.html,2018
Briann January,PHO,G,33,895,895,2.8,-0.5,33,7,26,4,8,NA,251,2,6,/wnba/players/j/januabr01w.html,2018
Camille Little,PHO,F,33,536,536,-3.6,-10.6,11,8,33,10,11,NA,98,2,12,/wnba/players/l/littlca01w.html,2018
Sancho Lyttle,PHO,F,18,419,419,7.7,6.6,10,2,20,3,11,NA,62,4,3,/wnba/players/l/lyttlsa01w.html,2018
Leilani Mitchell,PHO,G,31,461,461,-6.8,-14.5,21,5,16,4,4,NA,153,0,4,/wnba/players/m/mitchle01w.html,2018
Devereaux Peters,PHO,F,5,38,38,-13.3,-16.8,1,1,3,0,0,NA,6,0,1,/wnba/players/p/peterde01w.html,2018
Angel Robinson,PHO,F-C,24,238,238,-4.2,-8.7,7,5,16,7,7,NA,33,2,6,/wnba/players/r/robinan01w.html,2018
Stephanie Talbot,PHO,F,31,453,453,-0.5,-5.1,16,3,25,2,8,NA,97,1,4,/wnba/players/t/talbost01w.html,2018
Diana Taurasi,PHO,G,33,989,989,9.9,23.6,52,14,20,14,55,NA,395,16,17,/wnba/players/t/tauradi01w.html,2018
Yvonne Turner,PHO,G,32,426,426,1.1,-2.8,10,5,14,2,4,NA,101,1,6,/wnba/players/t/turneyv01w.html,2018
Imani Wright,PHO,G,1,1,1,-300,-303.1,0,0,0,0,0,NA,0,0,0,/wnba/players/w/wrighim01w.html,2018
Sue Bird,SEA,G,31,824,824,15.8,15.5,44,8,10,1,8,NA,501,1,6,/wnba/players/b/birdsu01w.html,2018
Jordin Canada,SEA,G,33,543,543,2.5,-11.7,35,15,13,2,25,NA,258,4,9,/wnba/players/c/canadjo01w.html,2018
Alysha Clark,SEA,F,31,813,813,12.6,7.6,17,10,25,6,17,NA,142,5,4,/wnba/players/c/clarkal01w.html,2018
Natasha Howard,SEA,F,34,869,869,16.2,18.2,22,13,64,12,48,NA,77,6,13,/wnba/players/h/howarna01w.html,2018
Crystal Langhorne,SEA,F-C,26,362,362,-5.3,-20.2,7,7,11,5,10,NA,23,2,9,/wnba/players/l/langhcr01w.html,2018
Jewell Loyd,SEA,G,34,1010,1010,13.5,15.1,40,15,30,6,44,NA,292,10,25,/wnba/players/l/loydje01w.html,2018
Kaleena Mosqueda-Lewis,SEA,F,33,442,442,-0.8,-15.2,16,4,16,1,5,NA,63,2,6,/wnba/players/m/mosquka01w.html,2018
Courtney Paris,SEA,C,34,360,360,5.6,-5.5,3,1,25,8,8,NA,53,3,10,/wnba/players/p/parisco01w.html,2018
Noelle Quinn,SEA,G,20,181,181,-1.3,-12.5,7,2,3,0,0,NA,31,0,1,/wnba/players/q/quinnno01w.html,2018
Breanna Stewart,SEA,F,34,1074,1074,12.6,14.1,19,21,30,13,66,NA,222,22,23,/wnba/players/s/stewabr01w.html,2018
Sami Whitcomb,SEA,G,31,265,265,1.2,-10.5,10,2,8,2,3,NA,39,0,3,/wnba/players/w/whitcsa01w.html,2018
Ariel Atkins,WAS,G,29,652,652,15,24,21,11,35,2,21,NA,138,6,7,/wnba/players/a/atkinar01w.html,2018
Natasha Cloud,WAS,G,27,715,715,9.8,14.8,31,8,17,1,10,NA,298,3,7,/wnba/players/c/cloudna01w.html,2018
Monique Currie,WAS,F,32,508,508,-8.1,-17.9,15,8,22,9,29,NA,65,3,5,/wnba/players/c/currimo01w.html,2018
Elena Delle Donne,WAS,F-G,29,933,933,7.4,15.4,11,8,29,4,57,NA,169,14,18,/wnba/players/d/delleel01w.html,2018
Tianna Hawkins,WAS,F,32,532,532,-7.2,-17.2,11,11,32,9,10,NA,61,5,13,/wnba/players/h/hawkiti01w.html,2018
Myisha Hines-Allen,WAS,F,24,252,252,-5.3,-10.2,4,2,19,2,13,NA,25,4,6,/wnba/players/h/hinesmy01w.html,2018
LaToya Sanders,WAS,F-C,28,686,686,11.9,18.5,7,7,30,4,30,NA,111,7,6,/wnba/players/p/pringla01w.html,2018
Tierra Ruffin-Pratt,WAS,G,33,598,598,-11.1,-25.5,11,11,17,4,29,NA,126,3,11,/wnba/players/r/ruffiti01w.html,2018
Krystal Thomas,WAS,C,24,237,237,-10.6,-16.5,6,2,17,8,6,NA,9,0,11,/wnba/players/t/thomakr01w.html,2018
Kristi Toliver,WAS,G,33,1087,1087,7.9,28,37,22,27,3,32,NA,340,6,4,/wnba/players/t/tolivkr01w.html,2018
Shatori Walker-Kimbrough,WAS,G,19,168,168,-1.2,-4.9,6,8,3,0,6,NA,19,0,2,/wnba/players/w/walkesh01w.html,2018
Alex Bentley,TOT,G,35,745,745,8.3,3.9,38,8,24,7,17,NA,270,2,2,/wnba/players/b/bentlal01w.html,2018
Layshia Clarendon,TOT,G,33,549,549,-2.9,-10.5,19,13,6,3,15,NA,168,2,6,/wnba/players/c/clarela01w.html,2018
Tayler Hill,TOT,G,20,235,235,-18.6,-24.1,11,5,3,0,8,NA,47,2,7,/wnba/players/h/hillta01w.html,2018
Maggie Lucas,TOT,G,8,56,56,-37.7,-42.2,3,2,0,0,0,NA,0,0,1,/wnba/players/l/lucasma01w.html,2018
Teana Muldrow,TOT,F,4,9,9,-9.2,-15.9,0,0,0,0,0,NA,0,0,0,/wnba/players/m/muldrte01w.html,2018
Cappie Pondexter,TOT,G,30,545,545,-17.2,-14.6,14,5,19,0,17,NA,120,2,12,/wnba/players/p/pondeca01w.html,2018
Aerial Powers,TOT,F-G,24,345,345,8.2,5.6,14,8,13,7,29,1,47,6,3,/wnba/players/p/powerae01w.html,2018
Mercedes Russell,TOT,C,24,133,133,1.2,2,0,2,6,4,6,NA,10,0,1,/wnba/players/r/russeme01w.html,2018
Layshia Clarendon,ATL,G,18,311,311,-14.9,-24,12,9,3,1,6,NA,69,0,2,/wnba/players/c/clarela01w.html,2018
Maggie Lucas,ATL,G,7,36,36,-42.1,-47,3,1,0,0,0,NA,0,0,0,/wnba/players/l/lucasma01w.html,2018
Alex Bentley,CON,G,19,413,413,12.8,7.7,23,3,12,4,10,NA,147,2,0,/wnba/players/b/bentlal01w.html,2018
Aerial Powers,DAL,F-G,15,231,231,6.9,4,12,4,10,5,16,NA,29,6,2,/wnba/players/p/powerae01w.html,2018
Cappie Pondexter,LAS,G,13,134,134,-13.6,-17,3,0,7,0,7,NA,22,1,4,/wnba/players/p/pondeca01w.html,2018
Mercedes Russell,NYL,C,2,32,32,13.4,24.9,0,0,0,1,2,NA,5,0,0,/wnba/players/r/russeme01w.html,2018
Teana Muldrow,SEA,F,3,6,6,-6.7,-16.5,0,0,0,0,0,NA,0,0,0,/wnba/players/m/muldrte01w.html,2018
Tayler Hill,WAS,G,13,117,117,-28.5,-34.8,7,3,2,0,7,NA,28,2,2,/wnba/players/h/hillta01w.html,2018
Alex Bentley,ATL,G,16,332,332,3,-0.8,15,5,10,1,4,NA,123,0,2,/wnba/players/b/bentlal01w.html,2018
Layshia Clarendon,CON,G,15,238,238,12.9,6.7,7,4,3,2,9,NA,99,2,4,/wnba/players/c/clarela01w.html,2018
Tayler Hill,DAL,G,7,118,118,-8.3,-12.9,4,2,1,0,1,NA,19,0,5,/wnba/players/h/hillta01w.html,2018
Maggie Lucas,DAL,G,1,20,20,-30,-34.1,0,1,0,0,0,NA,0,0,1,/wnba/players/l/lucasma01w.html,2018
Teana Muldrow,DAL,F,1,3,3,-15,-18.6,0,0,0,0,0,NA,0,0,0,/wnba/players/m/muldrte01w.html,2018
Cappie Pondexter,IND,G,17,411,411,-18.3,-7.7,11,5,12,0,10,NA,98,1,8,/wnba/players/p/pondeca01w.html,2018
Mercedes Russell,SEA,C,22,101,101,-2.7,-13.3,0,2,5,3,4,NA,5,0,1,/wnba/players/r/russeme01w.html,2018
Aerial Powers,WAS,F-G,9,114,114,11,8.7,2,4,1,1,6,NA,18,0,1,/wnba/players/p/powerae01w.html,2018
Alex Bentley,ATL,G,29,634,634,-18.4,-16.7,30,7,15,3,9,NA,196,0,3,/wnba/players/b/bentlal01w.html,2019
Monique Billings,ATL,F,29,553,553,-7.1,3.9,12,12,33,12,23,NA,37,4,15,/wnba/players/b/billimo01w.html,2019
Jessica Breland,ATL,F,33,767,767,-9.3,0.4,20,9,40,3,13,NA,132,1,10,/wnba/players/b/brelaje01w.html,2019
Maite Cazorla,ATL,G,31,477,477,-0.7,13.4,16,9,8,1,7,NA,114,2,3,/wnba/players/c/cazorma01w.html,2019
Nia Coffey,ATL,F,28,389,389,-16.9,-10.3,5,5,22,6,19,NA,29,2,17,/wnba/players/c/coffeni01w.html,2019
Marie Gulich,ATL,C,31,349,349,-13.1,-4.9,6,11,32,9,10,NA,48,1,8,/wnba/players/g/gulima01w.html,2019
Tiffany Hayes,ATL,G,29,817,817,-9.1,0.9,33,27,27,7,52,NA,195,15,24,/wnba/players/h/hayesti01w.html,2019
Angel McCoughtry,ATL,F-G,1,0,0,NA,NA,0,0,0,0,0,NA,0,0,0,/wnba/players/m/mccouan01w.html,2019
Renee Montgomery,ATL,G,34,949,949,-9.4,0,38,18,10,5,10,NA,197,1,10,/wnba/players/m/montgre01w.html,2019
Haley Peters,ATL,F,4,26,26,-33.3,-24.4,2,1,0,1,1,NA,3,0,1,/wnba/players/p/peterha01w.html,2019
Brittney Sykes,ATL,G,34,880,880,-5.8,10.3,31,25,25,7,41,NA,201,10,29,/wnba/players/s/sykesbr01w.html,2019
Elizabeth Williams,ATL,C-F,32,909,909,-9.5,0,13,16,29,7,54,NA,87,12,47,/wnba/players/w/williel01w.html,2019
Kayla Alexander,CHI,C,3,20,20,33.3,32.6,0,0,1,1,0,NA,2,0,0,/wnba/players/a/alexaka01w.html,2019
Kahleah Copper,CHI,G-F,34,502,502,-6.2,-11.4,19,17,19,4,33,NA,71,6,21,/wnba/players/c/coppeka01w.html,2019
Diamond DeShields,CHI,G,34,1027,1027,3.4,9.6,41,20,39,6,71,NA,186,17,24,/wnba/players/d/deshidi01w.html,2019
Stefanie Dolson,CHI,C,34,850,850,4.4,8.7,27,11,54,16,19,NA,177,3,9,/wnba/players/d/dolsost01w.html,2019
Jamierra Faulkner,CHI,G,13,72,72,-12.6,-14.5,4,1,3,0,3,NA,23,0,3,/wnba/players/f/faulkja01w.html,2019
Chloe Jackson,CHI,G,8,32,32,-22,-23.7,4,2,1,0,2,NA,9,0,4,/wnba/players/j/jacksch01w.html,2019
Jantel Lavender,CHI,F,23,619,619,0.1,-1.8,14,9,19,5,9,NA,62,3,11,/wnba/players/l/lavenja01w.html,2019
Victoria Macaulay,CHI,C,5,22,22,17.2,16.4,0,0,3,0,0,NA,0,0,1,/wnba/players/m/macauvi01w.html,2019
Astou Ndour,CHI,C-F,21,368,368,2,1.2,5,4,19,2,9,NA,35,2,9,/wnba/players/n/ndouras01w.html,2019
Cheyenne Parker,CHI,F,34,670,670,-2.8,-7.7,12,10,44,15,39,NA,70,9,25,/wnba/players/p/parkech01w.html,2019
Allie Quigley,CHI,G,34,972,972,3.1,7,17,16,22,10,17,NA,193,4,7,/wnba/players/q/quiglal01w.html,2019
Katie Lou Samuelson,CHI,F,20,153,153,-4,-5.8,4,1,5,0,6,NA,15,0,3,/wnba/players/s/samueka02w.html,2019
Courtney Vandersloot,CHI,G,33,991,991,4.4,12.7,66,19,21,1,25,NA,691,7,17,/wnba/players/v/vandeco01w.html,2019
Gabby Williams,CHI,F,33,527,527,-3.5,-7.4,36,12,18,6,16,NA,157,3,7,/wnba/players/w/williga01w.html,2019
Rachel Banham,CON,G,29,353,353,1.3,-5.2,13,7,17,2,4,NA,59,0,4,/wnba/players/b/banhara01w.html,2019
Layshia Clarendon,CON,G,9,138,138,5,-0.1,2,5,2,1,10,NA,44,1,2,/wnba/players/c/clarela01w.html,2019
Natisha Hiedeman,CON,G,20,205,205,-5.4,-12.4,7,4,13,0,13,NA,91,3,4,/wnba/players/h/hiedena01w.html,2019
Bria Holmes,CON,G,34,529,529,-5.1,-16.6,13,10,16,5,29,NA,72,2,17,/wnba/players/h/holmebr01w.html,2019
Brionna Jones,CON,F,27,227,227,-12.1,-20.6,4,6,12,5,16,NA,26,2,13,/wnba/players/j/jonesbr01w.html,2019
Jonquel Jones,CON,F,34,980,980,11.7,23.5,17,20,43,17,49,NA,121,8,31,/wnba/players/j/jonesjo01w.html,2019
Shekinna Stricklen,CON,F,34,804,804,11.7,16.2,19,2,25,4,9,NA,88,4,1,/wnba/players/s/stricsh01w.html,2019
Alyssa Thomas,CON,F,34,1026,1026,9.5,17.8,33,10,34,18,56,NA,248,21,30,/wnba/players/t/thomaal01w.html,2019
Jasmine Thomas,CON,G,34,1009,1009,8.2,11.9,69,19,30,1,30,NA,405,2,15,/wnba/players/t/thomaja01w.html,2019
Morgan Tuck,CON,F,33,352,352,-5.7,-14.6,13,4,18,7,14,NA,63,4,11,/wnba/players/t/tuckmo01w.html,2019
Courtney Williams,CON,G,34,988,988,6.3,4.3,31,18,23,2,23,NA,317,1,13,/wnba/players/w/willico01w.html,2019
Imani McGee-Stafford,DAL,C,29,346,346,-2.3,8.8,14,6,24,7,4,NA,44,2,5,/wnba/players/b/boyetim01w.html,2019
Kaela Davis,DAL,F,33,634,634,-13.6,-8.9,32,21,33,9,16,NA,163,5,17,/wnba/players/d/daviska01w.html,2019
Allisha Gray,DAL,G,34,1035,1035,-6.1,11.7,21,12,33,7,54,NA,189,14,12,/wnba/players/g/grayal01w.html,2019
Megan Gustafson,DAL,C,25,238,238,-3.1,7,4,5,18,1,9,NA,18,4,4,/wnba/players/g/gustame01w.html,2019
Isabelle Harrison,DAL,F,31,794,794,-7.6,2.9,13,16,39,9,32,NA,97,7,20,/wnba/players/h/harriis01w.html,2019
Tayler Hill,DAL,G,4,49,49,-21,-12.6,0,0,1,0,1,NA,7,0,1,/wnba/players/h/hillta01w.html,2019
Glory Johnson,DAL,F,28,676,676,-10.8,-3.9,12,7,23,7,8,NA,93,2,11,/wnba/players/j/johnsgl01w.html,2019
Brooke McCarty-Williams,DAL,G,34,447,447,-9,-0.3,21,3,18,2,3,NA,155,2,3,/wnba/players/m/mccarbr01w.html,2019
Arike Ogunbowale,DAL,G,33,1059,1059,-10.6,-8.2,30,16,21,17,76,NA,244,12,23,/wnba/players/o/ogunbar01w.html,2019
Azura Stevens,DAL,F-C,9,144,144,-26,-19.2,3,3,6,1,3,NA,12,1,12,/wnba/players/s/steveaz01w.html,2019
Kayla Thornton,DAL,F,27,822,822,-9,-0.5,18,10,13,6,24,NA,113,4,15,/wnba/players/t/thornka01w.html,2019
Natalie Achonwa,IND,F,30,636,636,-5.8,-4.7,12,6,36,8,33,NA,108,12,15,/wnba/players/a/achonna01w.html,2019
Kennedy Burke,IND,G-F,31,423,423,-6.6,-4.8,11,7,18,2,22,NA,49,4,11,/wnba/players/b/burkeke01w.html,2019
Candice Dupree,IND,F,34,1043,1043,-4.2,-3.5,34,9,15,5,23,NA,195,5,7,/wnba/players/d/dupreca01w.html,2019
Shenise Johnson,IND,G,17,219,219,4.9,9.8,7,4,9,1,6,NA,38,0,2,/wnba/players/j/johnssh02w.html,2019
Paris Kea,IND,G,11,60,60,-20.2,-17.6,7,2,4,0,2,NA,13,0,1,/wnba/players/k/keapa01w.html,2019
Betnijah Laney,IND,G-F,34,877,877,-4.5,-3.1,22,12,15,6,7,NA,137,3,5,/wnba/players/l/laneybe01w.html,2019
Stephanie Mavunga,IND,F,24,204,204,2.3,6.6,2,2,16,3,6,NA,11,1,3,/wnba/players/m/mavunst01w.html,2019
Erica McCall,IND,F,15,104,104,-13.7,-11.2,2,1,4,0,2,NA,15,0,5,/wnba/players/m/mccaler01w.html,2019
Teaira McCowan,IND,C,34,752,752,0,7.2,3,11,51,18,69,NA,17,14,18,/wnba/players/m/mccowte01w.html,2019
Kelsey Mitchell,IND,G,34,852,852,-2.6,2.2,33,11,23,6,23,NA,201,6,22,/wnba/players/m/mitchke01w.html,2019
Tiffany Mitchell,IND,G,33,831,831,-5.6,-5.9,26,13,35,4,41,NA,164,5,15,/wnba/players/m/mitchti01w.html,2019
Erica Wheeler,IND,G,34,850,850,0,8.7,55,26,21,6,14,NA,368,3,18,/wnba/players/w/wheeler01w.html,2019
Alana Beard,LAS,G-F,16,235,235,4.5,1.7,6,3,5,0,4,NA,51,1,0,/wnba/players/b/beardal01w.html,2019
Kalani Brown,LAS,C,28,377,377,-6.5,-13.3,6,12,23,4,23,NA,39,6,16,/wnba/players/b/brownka01w.html,2019
Chelsea Gray,LAS,G,34,1108,1108,4.7,8.2,82,19,17,3,28,NA,457,12,19,/wnba/players/g/graych01w.html,2019
Alexis Jones,LAS,G,20,243,243,-1.9,-6.1,18,4,9,3,7,NA,83,1,5,/wnba/players/j/jonesal01w.html,2019
Marina Mabrey,LAS,G,31,355,355,-1.7,-6.6,15,4,13,1,6,NA,68,1,11,/wnba/players/m/mabrema01w.html,2019
Chiney Ogwumike,LAS,F-C,32,697,697,-0.1,-6.5,13,10,40,11,33,NA,63,10,32,/wnba/players/o/ogwumch01w.html,2019
Nneka Ogwumike,LAS,F,32,892,892,7.1,11.5,26,14,35,13,42,NA,147,5,23,/wnba/players/o/ogwumnn01w.html,2019
Candace Parker,LAS,F-C,22,571,571,5.9,4.8,36,12,21,3,34,NA,183,8,13,/wnba/players/p/parkeca01w.html,2019
Tierra Ruffin-Pratt,LAS,G,34,856,856,4.6,4,16,5,33,7,22,NA,134,5,9,/wnba/players/r/ruffiti01w.html,2019
Maria Vadeeva,LAS,C,15,180,180,1.7,-1.6,3,6,10,5,8,NA,21,3,6,/wnba/players/v/vadeema01w.html,2019
Ashley Walker,LAS,F-C,3,22,22,-22.9,-26.4,0,0,4,0,0,NA,6,0,3,/wnba/players/w/walkeas01w.html,2019
Sydney Wiese,LAS,G,32,659,659,5.4,4.4,23,8,19,0,3,NA,127,1,10,/wnba/players/w/wiesesy01w.html,2019
Riquna Williams,LAS,G,23,593,593,2.1,-1.7,12,5,30,8,21,NA,83,5,6,/wnba/players/w/williri02w.html,2019
Liz Cambage,LVA,C,32,807,807,8.5,4.4,22,18,34,22,78,NA,158,26,32,/wnba/players/c/cambael01w.html,2019
Sydney Colson,LVA,G,33,379,379,8.8,2.8,18,8,14,1,12,NA,137,0,4,/wnba/players/c/colsosy01w.html,2019
Dearica Hamby,LVA,F,34,842,842,10.7,10,18,20,32,9,41,NA,143,11,34,/wnba/players/h/hambyde01w.html,2019
Kayla McBride,LVA,G,34,990,990,7.1,1.2,31,16,13,6,33,NA,180,11,13,/wnba/players/m/mcbrika01w.html,2019
Jaime Nared,LVA,G-F,1,1,1,0,-6.8,0,0,1,0,0,NA,0,0,0,/wnba/players/n/naredja01w.html,2019
JiSu Park,LVA,C,25,163,163,3.9,-3.3,3,2,11,2,5,NA,22,1,5,/wnba/players/p/parkji01w.html,2019
Kelsey Plum,LVA,G,34,868,868,7.5,1.9,24,15,24,5,11,NA,214,2,18,/wnba/players/p/plumke01w.html,2019
Epiphanny Prince,LVA,G,3,28,28,10.5,3.8,0,0,4,0,0,NA,6,0,0,/wnba/players/p/princep01w.html,2019
Sugar Rodgers,LVA,G,33,382,382,3.8,-4,13,6,23,0,1,NA,88,0,5,/wnba/players/r/rodgesu01w.html,2019
Carolyn Swords,LVA,C,29,257,257,-7.8,-17.6,6,3,8,5,5,NA,18,1,11,/wnba/players/s/swordca01w.html,2019
A'ja Wilson,LVA,F,26,740,740,6.6,-0.5,23,18,31,8,65,NA,102,12,33,/wnba/players/w/wilsoa01w.html,2019
Jackie Young,LVA,G,34,767,767,4.3,-5.7,42,5,23,1,34,NA,334,3,28,/wnba/players/y/youngja01w.html,2019
Tamera Young,LVA,F,34,628,628,7.8,1.8,33,7,23,4,27,NA,137,5,13,/wnba/players/y/youngta01w.html,2019
Jillian Alleyne,MIN,C-F,5,14,14,-50.7,-55,0,0,0,0,0,NA,3,0,3,/wnba/players/a/alleyji01w.html,2019
Seimone Augustus,MIN,G-F,12,156,156,-7,-12.1,8,3,2,1,0,NA,31,0,1,/wnba/players/a/augusse01w.html,2019
Kenisha Bell,MIN,G,3,11,11,-29.1,-33.1,0,0,0,0,0,NA,2,0,0,/wnba/players/b/bellke01w.html,2019
Lexie Brown,MIN,G,33,605,605,3.1,-1.2,21,15,18,2,12,NA,107,2,7,/wnba/players/b/brownle02w.html,2019
Karima Christmas-Kelly,MIN,F-G,6,72,72,-4.9,-9.2,2,1,2,1,3,NA,13,1,1,/wnba/players/c/chriska02w.html,2019
Napheesa Collier,MIN,F,34,1131,1131,6.7,17.3,28,21,36,10,36,NA,203,14,23,/wnba/players/c/collina01w.html,2019
Damiris Dantas,MIN,F,26,667,667,5.9,4.2,26,6,29,8,13,NA,183,6,10,/wnba/players/d/dantada01w.html,2019
Temi Fagbenle,MIN,C,18,271,271,4,0.4,8,4,8,12,8,NA,35,4,5,/wnba/players/f/fagbete01w.html,2019
Sylvia Fowles,MIN,C,34,1003,1003,3.4,-1.3,16,19,37,16,47,NA,115,8,25,/wnba/players/f/fowlesy01w.html,2019
Danielle Robinson,MIN,G,34,919,919,7,10,43,18,17,3,25,NA,288,7,27,/wnba/players/r/robinda01w.html,2019
Jessica Shepard,MIN,F,6,112,112,16.8,14.2,11,1,3,1,4,NA,46,0,1,/wnba/players/s/shepaje01w.html,2019
Odyssey Sims,MIN,G,34,1083,1083,4.3,2.8,67,31,22,12,47,NA,429,12,28,/wnba/players/s/simsod01w.html,2019
Stephanie Talbot,MIN,F,33,561,561,-0.9,-8,29,7,23,2,11,NA,90,1,3,/wnba/players/t/talbost01w.html,2019
Shao Ting,MIN,F,5,27,27,-31,-35.4,0,0,3,0,2,NA,4,1,1,/wnba/players/t/tingsh01w.html,2019
Rebecca Allen,NYL,G,24,412,412,-2.7,11.8,8,2,28,3,6,NA,38,1,4,/wnba/players/a/allenre01w.html,2019
Tiffany Bias,NYL,G,12,105,105,-3.6,7.9,6,0,4,0,3,NA,25,0,2,/wnba/players/b/biasti01w.html,2019
Brittany Boyd,NYL,G,33,649,649,-14.5,-7,54,12,24,7,15,NA,355,4,14,/wnba/players/b/boydbr01w.html,2019
Tina Charles,NYL,C,33,1028,1028,-15.1,-17.2,44,19,42,12,60,NA,185,10,22,/wnba/players/c/charlti01w.html,2019
AD Durr,NYL,G,18,480,480,-9.3,2.6,9,11,21,0,7,NA,69,1,4,/wnba/players/d/durras01w.html,2019
Reshanda Gray,NYL,F,34,519,519,-10.8,0.2,7,6,39,18,30,NA,43,8,21,/wnba/players/g/grayre01w.html,2019
Bria Hartley,NYL,G,24,545,545,-15.9,-8.3,34,11,10,2,28,NA,173,4,16,/wnba/players/h/hartlbr01w.html,2019
Marine Johannes,NYL,G,19,345,345,-5.8,6.9,15,3,16,0,7,NA,101,2,1,/wnba/players/j/johanma01w.html,2019
Kia Nurse,NYL,G,34,1001,1001,-14.7,-14.3,28,10,12,10,54,NA,172,7,26,/wnba/players/n/nurseki01w.html,2019
Nayo Raincock-Ekunwe,NYL,F,28,367,367,-1.2,13.2,6,6,17,4,14,NA,28,4,11,/wnba/players/r/raincna01w.html,2019
Avery Warley-Talbert,NYL,C,3,35,35,-7.5,3.6,2,1,6,0,1,NA,0,0,3,/wnba/players/w/warleav01w.html,2019
Tanisha Wright,NYL,G,31,613,613,-8.3,4.8,34,12,15,5,12,NA,284,2,15,/wnba/players/w/wrighta01w.html,2019
Han Xu,NYL,C,18,143,143,6.1,19,0,0,5,0,0,NA,5,0,1,/wnba/players/x/xuha01w.html,2019
Amanda Zahui B.,NYL,C,24,558,558,-13.3,-4,12,4,35,7,14,NA,48,4,8,/wnba/players/z/zahuiam01w.html,2019
DeWanna Bonner,PHO,F-G,34,1120,1120,-3.1,-6.9,25,18,23,5,68,NA,218,14,32,/wnba/players/b/bonnede01w.html,2019
Essence Carson,PHO,G,23,425,425,1.3,4.5,10,4,8,1,15,NA,84,5,8,/wnba/players/c/carsoes01w.html,2019
Arica Carter,PHO,G,6,24,24,-39.1,-37.9,2,0,3,0,0,NA,2,0,0,/wnba/players/c/cartear01w.html,2019
Sophie Cunningham,PHO,G,32,389,389,-1.9,0,7,3,23,3,12,NA,61,1,5,/wnba/players/c/cunniso01w.html,2019
Brittney Griner,PHO,C,31,1018,1018,-3,-4.6,21,13,30,28,56,NA,185,21,14,/wnba/players/g/grinebr01w.html,2019
Briann January,PHO,G,32,852,852,-1.3,1.4,35,8,24,4,12,NA,231,1,12,/wnba/players/j/januabr01w.html,2019
Camille Little,PHO,F,29,425,425,6.4,11.9,13,4,22,5,10,NA,55,3,5,/wnba/players/l/littlca01w.html,2019
Sancho Lyttle,PHO,F,20,250,250,-0.7,1.5,7,1,16,2,2,NA,13,0,1,/wnba/players/l/lyttlsa01w.html,2019
Leilani Mitchell,PHO,G,32,971,971,-2.6,-2.4,34,8,26,7,19,NA,278,3,17,/wnba/players/m/mitchle01w.html,2019
Alanna Smith,PHO,F,18,134,134,0.2,2.3,4,2,7,1,0,NA,10,0,4,/wnba/players/s/smithal01w.html,2019
Diana Taurasi,PHO,G,6,129,129,-18.5,-18.5,8,3,4,2,6,NA,70,0,1,/wnba/players/t/tauradi01w.html,2019
Brianna Turner,PHO,F,29,462,462,-1.7,0.2,6,5,21,8,15,NA,34,2,11,/wnba/players/t/turnebr01w.html,2019
Yvonne Turner,PHO,G,29,595,595,-2.3,-0.7,29,15,19,6,17,NA,151,1,7,/wnba/players/t/turneyv01w.html,2019
Jordin Canada,SEA,G,30,865,865,3.9,12.7,59,17,10,1,36,NA,379,8,14,/wnba/players/c/canadjo01w.html,2019
Alysha Clark,SEA,F,31,881,881,6.8,21,26,13,29,5,9,NA,179,3,8,/wnba/players/c/clarkal01w.html,2019
Blake Dietrick,SEA,G,17,106,106,-11.1,-11.3,7,3,7,0,1,NA,37,0,0,/wnba/players/d/dietrbl01w.html,2019
Anriel Howard,SEA,F,3,20,20,-15.7,-15.2,0,1,0,1,0,NA,0,0,1,/wnba/players/h/howaran01w.html,2019
Natasha Howard,SEA,F,34,1066,1066,6.9,36,40,26,43,15,74,NA,171,15,31,/wnba/players/h/howarna01w.html,2019
Crystal Langhorne,SEA,F-C,34,577,577,-10.5,-17,15,13,17,4,18,NA,80,6,15,/wnba/players/l/langhcr01w.html,2019
Jewell Loyd,SEA,G,27,686,686,3.1,7.6,28,21,16,2,22,NA,117,4,7,/wnba/players/l/loydje01w.html,2019
Kaleena Mosqueda-Lewis,SEA,F,31,435,435,-14.1,-19.8,20,5,15,8,3,NA,42,1,10,/wnba/players/m/mosquka01w.html,2019
Courtney Paris,SEA,C,30,190,190,-22.2,-24.9,4,1,6,2,4,NA,34,1,4,/wnba/players/p/parisco01w.html,2019
Mercedes Russell,SEA,C,34,870,870,1.8,6.8,9,11,27,10,30,NA,80,9,24,/wnba/players/r/russeme01w.html,2019
Sami Whitcomb,SEA,G,33,674,674,-2.8,-4.2,43,3,26,3,2,NA,174,0,4,/wnba/players/w/whitcsa01w.html,2019
Shavonte Zellous,SEA,G,31,432,432,-12.7,-17.5,16,8,15,5,19,NA,121,4,11,/wnba/players/z/zellosh01w.html,2019
Ariel Atkins,WAS,G,33,804,804,21.6,15.4,18,10,26,1,23,NA,146,5,15,/wnba/players/a/atkinar01w.html,2019
Natasha Cloud,WAS,G,34,1093,1093,12.5,-13,39,21,26,3,27,NA,428,6,7,/wnba/players/c/cloudna01w.html,2019
Elena Delle Donne,WAS,F-G,31,901,901,21.4,18.1,10,8,17,3,45,NA,160,6,22,/wnba/players/d/delleel01w.html,2019
Tianna Hawkins,WAS,F,31,477,477,4.2,-16.9,14,4,29,9,15,NA,52,6,11,/wnba/players/h/hawkiti01w.html,2019
Myisha Hines-Allen,WAS,F,27,211,211,-0.4,-18.3,9,3,19,2,5,NA,59,0,6,/wnba/players/h/hinesmy01w.html,2019
Emma Meesseman,WAS,F,23,543,543,16.2,1.9,9,6,21,3,13,NA,168,2,9,/wnba/players/m/meessem01w.html,2019
Kim Mestdagh,WAS,G,15,71,71,-1.2,-17.2,3,1,1,1,0,NA,15,0,0,/wnba/players/m/mestdki01w.html,2019
Shey Peddy,WAS,G,15,71,71,11.6,-3.7,1,1,3,0,1,NA,20,0,1,/wnba/players/p/peddysh01w.html,2019
Aerial Powers,WAS,F-G,30,593,593,15.4,0.6,15,15,23,7,48,NA,99,12,12,/wnba/players/p/powerae01w.html,2019
LaToya Sanders,WAS,F-C,34,804,804,20.6,13.1,6,7,31,9,12,NA,162,1,8,/wnba/players/p/pringla01w.html,2019
Kristi Toliver,WAS,G,23,678,678,14,-2,28,14,9,1,13,NA,300,1,3,/wnba/players/t/tolivkr01w.html,2019
Shatori Walker-Kimbrough,WAS,G,34,580,580,11.2,-6.9,16,13,15,1,26,NA,96,4,5,/wnba/players/w/walkesh01w.html,2019
Kristine Anigwe,TOT,F-C,27,250,250,-5.5,-4.1,5,4,16,4,13,NA,13,2,9,/wnba/players/a/anigwkr01w.html,2019
Bridget Carleton,TOT,F,8,40,40,-24.3,-29.1,0,1,2,0,0,NA,2,0,0,/wnba/players/c/carlebr01w.html,2019
Alaina Coates,TOT,C,23,167,167,0,3,1,2,19,5,9,NA,4,3,8,/wnba/players/c/coateal01w.html,2019
Theresa Plaisance,TOT,F,31,442,442,-8.8,-8.5,20,9,41,0,9,NA,79,1,5,/wnba/players/p/plaisth01w.html,2019
Karlie Samuelson,TOT,F,7,84,84,1.5,4.3,0,0,2,0,0,NA,11,0,1,/wnba/players/s/samueka01w.html,2019
Asia Taylor,TOT,F,12,96,96,3.8,2.9,3,2,5,1,4,NA,17,0,4,/wnba/players/t/tayloas01w.html,2019
Kristine Anigwe,CON,F-C,17,121,121,-7.6,-13.9,3,1,4,4,7,NA,6,1,2,/wnba/players/a/anigwkr01w.html,2019
Bridget Carleton,CON,F,4,29,29,-13.3,-18.7,0,1,2,0,0,NA,2,0,0,/wnba/players/c/carlebr01w.html,2019
Theresa Plaisance,DAL,F,22,378,378,-5.7,4.3,19,9,35,0,8,NA,79,1,4,/wnba/players/p/plaisth01w.html,2019
Karlie Samuelson,LAS,F,3,36,36,8.7,5.7,0,0,0,0,0,NA,6,0,1,/wnba/players/s/samueka01w.html,2019
Alaina Coates,MIN,C,14,92,92,-6.4,-10.9,0,2,9,2,4,NA,2,2,5,/wnba/players/c/coateal01w.html,2019
Asia Taylor,MIN,F,8,65,65,-5,-9.2,3,2,3,0,3,NA,15,0,4,/wnba/players/t/tayloas01w.html,2019
Alaina Coates,ATL,C,9,75,75,7.9,18.3,1,0,10,3,5,NA,2,1,3,/wnba/players/c/coateal01w.html,2019
Theresa Plaisance,CON,F,9,64,64,-26.3,-32.9,1,0,6,0,1,NA,0,0,1,/wnba/players/p/plaisth01w.html,2019
Kristine Anigwe,DAL,F-C,10,129,129,-4.3,5.1,2,3,12,0,6,NA,7,1,7,/wnba/players/a/anigwkr01w.html,2019
Karlie Samuelson,DAL,F,4,48,48,-3.6,5.4,0,0,2,0,0,NA,5,0,0,/wnba/players/s/samueka01w.html,2019
Bridget Carleton,MIN,F,4,11,11,-57.8,-62,0,0,0,0,0,NA,0,0,0,/wnba/players/c/carlebr01w.html,2019
Asia Taylor,PHO,F,4,31,31,23.5,26,0,0,2,1,1,NA,2,0,0,/wnba/players/t/tayloas01w.html,2019
Jaylyn Agnew,ATL,F,12,71,71,-21.4,-13.7,3,1,4,0,3,NA,8,1,0,/wnba/players/a/agnewja01w.html,2020
Monique Billings,ATL,F,22,596,596,-6.3,7.4,13,11,30,13,24,NA,62,7,11,/wnba/players/b/billimo01w.html,2020
Brittany Brewer,ATL,F,5,33,33,-18.7,-10.3,0,2,3,0,0,NA,0,0,0,/wnba/players/b/brewebr01w.html,2020
Kalani Brown,ATL,C,10,61,61,-14.6,-6.3,2,1,8,1,4,NA,0,2,2,/wnba/players/b/brownka01w.html,2020
Chennedy Carter,ATL,G,16,406,406,-9.3,-1,18,16,30,4,36,NA,123,8,16,/wnba/players/c/cartech01w.html,2020
Kaela Davis,ATL,F,2,2,2,-70,-61.4,0,0,0,0,0,NA,0,0,0,/wnba/players/d/daviska01w.html,2020
Blake Dietrick,ATL,G,22,463,463,-8.3,1.1,29,6,22,0,2,NA,164,0,3,/wnba/players/d/dietrbl01w.html,2020
Glory Johnson,ATL,F,18,277,277,-10.6,-2.7,7,1,15,2,8,NA,29,2,3,/wnba/players/j/johnsgl01w.html,2020
Alexis Jones,ATL,G,6,53,53,-14.2,-5.8,4,1,2,0,1,NA,12,0,1,/wnba/players/j/jonesal01w.html,2020
Betnijah Laney,ATL,G-F,22,738,738,-6.9,11.2,29,24,15,6,28,NA,195,8,10,/wnba/players/l/laneybe01w.html,2020
Shekinna Stricklen,ATL,F,22,482,482,-10.2,-3,8,6,17,1,1,NA,32,0,7,/wnba/players/s/stricsh01w.html,2020
Courtney Williams,ATL,G,20,615,615,-9.3,-1.7,31,17,16,1,12,NA,147,5,10,/wnba/players/w/willico01w.html,2020
Elizabeth Williams,ATL,C-F,22,647,647,-7.8,3.7,9,5,28,7,28,NA,76,4,21,/wnba/players/w/williel01w.html,2020
Sydney Colson,CHI,G,17,110,110,-13.8,-20.1,10,3,2,0,4,NA,30,0,1,/wnba/players/c/colsosy01w.html,2020
Kahleah Copper,CHI,G-F,22,688,688,4.8,4.5,18,24,16,6,25,NA,109,6,17,/wnba/players/c/coppeka01w.html,2020
Diamond DeShields,CHI,G,13,224,224,-0.2,-5.4,16,11,9,2,8,NA,46,2,5,/wnba/players/d/deshidi01w.html,2020
Stefanie Dolson,CHI,C,15,273,273,2.8,-1.5,5,3,28,5,7,NA,58,2,1,/wnba/players/d/dolsost01w.html,2020
Ruthy Hebard,CHI,F,22,320,320,5.7,3,2,5,17,4,6,NA,16,4,4,/wnba/players/h/hebarru01w.html,2020
Cheyenne Parker,CHI,F,20,497,497,5.1,3,12,22,27,13,33,NA,74,8,19,/wnba/players/p/parkech01w.html,2020
Alexis Prince,CHI,F,2,16,16,-24.1,-28.4,0,0,1,0,0,NA,0,0,0,/wnba/players/p/princal01w.html,2020
Allie Quigley,CHI,G,22,631,631,2.8,-3.6,15,10,15,1,17,NA,117,5,7,/wnba/players/q/quiglal01w.html,2020
Azura Stevens,CHI,F-C,13,355,355,6.9,5.3,6,9,18,3,11,NA,50,3,5,/wnba/players/s/steveaz01w.html,2020
Courtney Vandersloot,CHI,G,22,693,693,9.2,26.7,35,14,20,1,31,NA,508,6,7,/wnba/players/v/vandeco01w.html,2020
Gabby Williams,CHI,F,22,546,546,0.1,-9.6,23,10,17,4,12,NA,97,3,6,/wnba/players/w/williga01w.html,2020
DeWanna Bonner,CON,F-G,22,732,732,4.8,24.9,22,19,16,6,61,NA,148,16,12,/wnba/players/b/bonnede01w.html,2020
Kaila Charles,CON,G-F,21,376,376,0.3,-0.5,8,8,18,0,14,NA,41,1,5,/wnba/players/c/charlka01w.html,2020
Natisha Hiedeman,CON,G,22,408,408,-8.8,-17.3,15,5,25,1,11,NA,95,3,9,/wnba/players/h/hiedena01w.html,2020
Bria Holmes,CON,G,18,291,291,-13,-20.2,12,5,10,0,6,NA,48,2,6,/wnba/players/h/holmebr01w.html,2020
Briann January,CON,G,13,303,303,13.9,20.1,9,4,8,1,5,NA,98,0,1,/wnba/players/j/januabr01w.html,2020
Brionna Jones,CON,F,21,549,549,6.3,15.2,8,12,25,11,29,NA,50,9,11,/wnba/players/j/jonesbr01w.html,2020
Beatrice Mompremier,CON,F,21,187,187,-6.8,-9.3,3,6,14,1,9,NA,8,2,8,/wnba/players/m/momprbe01w.html,2020
Kaleena Mosqueda-Lewis,CON,F,16,164,164,-23.5,-29.8,2,2,8,2,2,NA,10,0,4,/wnba/players/m/mosquka01w.html,2020
Theresa Plaisance,CON,F,13,90,90,-24.7,-28.1,1,0,10,1,2,NA,2,1,1,/wnba/players/p/plaisth01w.html,2020
Alyssa Thomas,CON,F,21,689,689,4.6,18.6,28,11,18,8,49,NA,233,8,15,/wnba/players/t/thomaal01w.html,2020
Jasmine Thomas,CON,G,19,485,485,6.8,13.9,27,15,16,2,12,NA,162,3,7,/wnba/players/t/thomaja01w.html,2020
Bella Alarie,DAL,C-F,22,309,309,-3.6,1.2,2,4,21,3,3,NA,30,0,4,/wnba/players/a/alaribe01w.html,2020
Allisha Gray,DAL,G,20,524,524,1.8,15.2,7,8,23,2,31,NA,63,10,11,/wnba/players/g/grayal01w.html,2020
Megan Gustafson,DAL,C,10,48,48,-15.9,-12.1,1,0,4,1,2,NA,3,0,4,/wnba/players/g/gustame01w.html,2020
Isabelle Harrison,DAL,F,13,258,258,0.1,6.4,8,3,13,3,10,NA,45,4,6,/wnba/players/h/harriis01w.html,2020
Tyasha Harris,DAL,G,21,412,412,-6.4,-3.6,8,5,18,2,10,NA,145,4,4,/wnba/players/h/harrity01w.html,2020
Moriah Jefferson,DAL,G,9,148,148,-22.1,-21.3,4,6,7,1,4,NA,43,1,1,/wnba/players/j/jeffemo01w.html,2020
Marina Mabrey,DAL,G,19,405,405,-2,4.5,21,4,15,4,10,NA,96,2,8,/wnba/players/m/mabrema01w.html,2020
Astou Ndour,DAL,C-F,13,151,151,-27.2,-27.4,3,0,17,1,0,NA,13,0,3,/wnba/players/n/ndouras01w.html,2020
Arike Ogunbowale,DAL,G,22,748,748,-2.4,13,16,12,9,15,59,NA,193,16,17,/wnba/players/o/ogunbar01w.html,2020
Satou Sabally,DAL,F,16,450,450,-6.8,-4.9,12,15,26,5,41,NA,100,10,12,/wnba/players/s/sabalsa01w.html,2020
Katie Lou Samuelson,DAL,F,22,439,439,-3.1,2.7,9,1,16,0,4,NA,73,0,1,/wnba/players/s/samueka02w.html,2020
Kayla Thornton,DAL,F,22,557,557,-3.2,3.4,8,3,25,4,11,NA,43,0,3,/wnba/players/t/thornka01w.html,2020
Natalie Achonwa,IND,F,18,364,364,-15.8,-9.9,14,9,26,8,19,NA,73,6,11,/wnba/players/a/achonna01w.html,2020
Julie Allemand,IND,G,22,716,716,-12.9,-15.1,40,11,42,0,9,NA,294,1,4,/wnba/players/a/allemju01w.html,2020
Kennedy Burke,IND,G-F,22,403,403,-11.5,-2.7,14,8,15,4,17,NA,56,2,9,/wnba/players/b/burkeke01w.html,2020
Lauren Cox,IND,F,14,183,183,2.6,15.7,8,3,18,0,7,NA,42,1,1,/wnba/players/c/coxla01w.html,2020
Kathleen Doyle,IND,G,18,155,155,-8.8,1.5,14,4,11,0,2,NA,41,0,2,/wnba/players/d/doyleka01w.html,2020
Candice Dupree,IND,F,22,665,665,-12,-8,18,6,19,2,23,NA,131,7,8,/wnba/players/d/dupreca01w.html,2020
Teaira McCowan,IND,C,22,461,461,-7.3,5.8,8,10,36,11,29,NA,35,4,14,/wnba/players/m/mccowte01w.html,2020
Kelsey Mitchell,IND,G,22,706,706,-9.9,0.3,16,22,29,7,32,NA,146,9,11,/wnba/players/m/mitchke01w.html,2020
Tiffany Mitchell,IND,G,19,502,502,-7.2,6.6,17,17,21,3,31,NA,108,10,10,/wnba/players/m/mitchti01w.html,2020
Kamiah Smalls,IND,G,7,100,100,-9.9,0.1,1,1,1,0,1,NA,31,0,3,/wnba/players/s/smallka01w.html,2020
Victoria Vivians,IND,G,6,85,85,1.1,12.3,4,0,8,0,4,NA,7,2,2,/wnba/players/v/viviavi01w.html,2020
Kristine Anigwe,LAS,F-C,17,197,197,7,1.2,4,7,11,2,14,NA,8,4,6,/wnba/players/a/anigwkr01w.html,2020
Seimone Augustus,LAS,G-F,21,332,332,9.2,5,2,5,10,0,3,NA,57,0,0,/wnba/players/a/augusse01w.html,2020
Te'a Cooper,LAS,G,20,345,345,6,-0.1,14,10,18,2,17,NA,95,5,6,/wnba/players/c/coopete01w.html,2020
Chelsea Gray,LAS,G,22,679,679,6.6,2.1,42,11,20,5,20,NA,266,10,7,/wnba/players/g/graych01w.html,2020
Reshanda Gray,LAS,F,10,62,62,12.9,7.3,2,1,2,5,4,NA,7,0,3,/wnba/players/g/grayre01w.html,2020
Marie Gulich,LAS,C,12,119,119,-7.4,-15.7,2,2,11,1,2,NA,19,1,1,/wnba/players/g/gulima01w.html,2020
Nneka Ogwumike,LAS,F,18,476,476,6.3,0.4,11,8,13,7,24,NA,73,7,9,/wnba/players/o/ogwumnn01w.html,2020
Candace Parker,LAS,F-C,22,665,665,8.2,8.1,35,19,22,5,36,NA,236,8,6,/wnba/players/p/parkeca01w.html,2020
Tierra Ruffin-Pratt,LAS,G,17,251,251,2.7,-4.7,4,3,10,1,9,NA,36,0,2,/wnba/players/r/ruffiti01w.html,2020
Brittney Sykes,LAS,G,21,517,517,9.7,8.5,19,9,20,7,25,NA,106,2,6,/wnba/players/s/sykesbr01w.html,2020
Sydney Wiese,LAS,G,19,363,363,5.4,-1.3,14,7,10,0,8,NA,51,4,3,/wnba/players/w/wiesesy01w.html,2020
Riquna Williams,LAS,G,21,444,444,0.5,-11.2,11,3,20,4,5,NA,67,1,2,/wnba/players/w/williri02w.html,2020
Lindsay Allen,LVA,G,21,284,284,3.7,-11.1,12,1,11,1,5,NA,111,2,7,/wnba/players/a/allenli01w.html,2020
Cierra Burdick,LVA,F,13,28,28,-25.6,-37.9,1,0,2,0,0,NA,4,0,0,/wnba/players/b/burdici01w.html,2020
Emma Cannon,LVA,F,1,0,0,NA,NA,0,0,0,0,0,NA,0,0,0,/wnba/players/c/cannoem01w.html,2020
Dearica Hamby,LVA,F,22,622,622,11.4,0.8,11,15,18,6,31,NA,130,9,25,/wnba/players/h/hambyde01w.html,2020
Kayla McBride,LVA,G,22,587,587,8.8,-7.4,10,10,15,6,30,NA,116,3,11,/wnba/players/m/mcbrika01w.html,2020
Angel McCoughtry,LVA,F-G,22,440,440,15.6,9.1,14,17,11,6,37,NA,117,8,11,/wnba/players/m/mccouan01w.html,2020
Danielle Robinson,LVA,G,22,492,492,14.5,7.5,18,10,11,0,16,NA,160,2,7,/wnba/players/r/robinda01w.html,2020
Sugar Rodgers,LVA,G,22,263,263,11.8,0.9,7,4,18,2,1,NA,67,0,4,/wnba/players/r/rodgesu01w.html,2020
Carolyn Swords,LVA,C,22,384,384,9.9,-2.3,5,6,9,1,11,NA,42,0,5,/wnba/players/s/swordca01w.html,2020
Avery Warley-Talbert,LVA,C,3,24,24,5.6,-5.7,0,0,2,2,1,NA,8,1,2,/wnba/players/w/warleav01w.html,2020
A'ja Wilson,LVA,F,22,697,697,12.5,6.5,12,12,37,6,78,NA,97,19,22,/wnba/players/w/wilsoa01w.html,2020
Jackie Young,LVA,G,22,568,568,12.4,3.3,14,10,10,6,33,NA,146,11,10,/wnba/players/y/youngja01w.html,2020
Kayla Alexander,MIN,C,16,89,89,-15.5,-22.7,1,1,10,2,5,NA,7,2,5,/wnba/players/a/alexaka01w.html,2020
Rachel Banham,MIN,G,20,339,339,6.7,2.9,15,5,12,0,10,NA,103,2,8,/wnba/players/b/banhara01w.html,2020
Lexie Brown,MIN,G,17,374,374,5.8,1.5,15,5,11,2,10,NA,100,1,2,/wnba/players/b/brownle02w.html,2020
Bridget Carleton,MIN,F,22,568,568,5.2,0.9,13,7,23,4,13,NA,131,4,7,/wnba/players/c/carlebr01w.html,2020
Karima Christmas-Kelly,MIN,F-G,2,25,25,-2.5,-7.6,2,2,1,0,1,NA,3,0,2,/wnba/players/c/chriska02w.html,2020
Napheesa Collier,MIN,F,22,752,752,7.1,14.9,13,21,24,10,30,NA,185,4,18,/wnba/players/c/collina01w.html,2020
Crystal Dangerfield,MIN,G,21,629,629,5,0.1,24,26,14,0,30,NA,185,7,7,/wnba/players/d/dangecr01w.html,2020
Damiris Dantas,MIN,F,22,586,586,4.6,-0.9,22,6,26,6,27,NA,129,6,12,/wnba/players/d/dantada01w.html,2020
Sylvia Fowles,MIN,C,7,168,168,11.2,7.8,2,2,10,3,14,NA,12,1,4,/wnba/players/f/fowlesy01w.html,2020
Mikiah Herbert Harrigan,MIN,F,21,234,234,8.1,4.3,7,7,12,1,4,NA,18,1,6,/wnba/players/h/harrimi01w.html,2020
Shenise Johnson,MIN,G,17,212,212,-5.1,-13.2,6,10,12,0,14,NA,51,3,5,/wnba/players/j/johnssh02w.html,2020
Odyssey Sims,MIN,G,13,240,240,2.6,-3.3,14,8,6,3,18,NA,105,5,6,/wnba/players/s/simsod01w.html,2020
Layshia Clarendon,NYL,G,19,496,496,-14.2,7.5,27,23,6,12,27,NA,189,6,12,/wnba/players/c/clarela01w.html,2020
Joyner Holmes,NYL,F,19,190,190,-21.7,-5.3,9,3,5,1,6,NA,30,2,4,/wnba/players/h/holmejo02w.html,2020
Sabrina Ionescu,NYL,G,3,80,80,-16.7,0.9,10,3,3,0,2,NA,29,1,0,/wnba/players/i/ionessa01w.html,2020
Jazmine Jones,NYL,G,20,428,428,-16.7,1.6,26,21,22,5,35,NA,107,5,10,/wnba/players/j/jonesja02w.html,2020
Paris Kea,NYL,G,11,165,165,-23,-6.7,9,8,7,1,4,NA,39,0,5,/wnba/players/k/keapa01w.html,2020
Kia Nurse,NYL,G,21,578,578,-16,4.5,21,11,13,10,47,NA,115,4,17,/wnba/players/n/nurseki01w.html,2020
Leaonna Odom,NYL,F,22,453,453,-12.8,9.6,3,11,15,0,13,NA,43,3,9,/wnba/players/o/odomle01w.html,2020
Kylee Shook,NYL,F,20,290,290,-27.7,-15.1,8,3,17,5,8,NA,27,1,13,/wnba/players/s/shookky01w.html,2020
Kiah Stokes,NYL,C,22,601,601,-16.3,3.8,9,10,25,6,2,NA,63,1,4,/wnba/players/s/stokeki01w.html,2020
Megan Walker,NYL,F,18,205,205,-30.9,-17.3,3,3,11,1,3,NA,15,1,7,/wnba/players/w/walkeme01w.html,2020
Jocelyn Willoughby,NYL,F-G,22,383,383,-19.9,-4.3,13,11,21,5,17,NA,50,3,16,/wnba/players/w/willojo01w.html,2020
Amanda Zahui B.,NYL,C,21,531,531,-12.8,11.9,19,17,30,9,17,NA,88,2,7,/wnba/players/z/zahuiam01w.html,2020
Nia Coffey,PHO,F,15,230,230,0.7,-2.4,3,2,20,2,3,NA,28,0,0,/wnba/players/c/coffeni01w.html,2020
Sophie Cunningham,PHO,G,21,396,396,8,10,7,3,16,3,12,NA,37,3,6,/wnba/players/c/cunniso01w.html,2020
Skylar Diggins-Smith,PHO,G,22,675,675,-3.2,-23.8,35,28,24,3,43,NA,209,11,11,/wnba/players/d/diggisk01w.html,2020
Brittney Griner,PHO,C,12,382,382,2.9,0.9,10,9,10,9,23,NA,88,11,6,/wnba/players/g/grinebr01w.html,2020
Bria Hartley,PHO,G,13,322,322,1.8,-1,15,5,13,2,18,NA,131,6,6,/wnba/players/h/hartlbr01w.html,2020
Alanna Smith,PHO,F,19,296,296,12.9,15.7,4,6,22,6,12,NA,57,2,6,/wnba/players/s/smithal01w.html,2020
Diana Taurasi,PHO,G,19,533,533,1,-3.6,28,10,14,4,41,NA,188,7,3,/wnba/players/t/tauradi01w.html,2020
Brianna Turner,PHO,F,22,613,613,2.9,1.7,15,8,39,8,18,NA,96,6,12,/wnba/players/t/turnebr01w.html,2020
Kia Vaughn,PHO,C,22,415,415,-0.6,-5.7,8,8,18,9,8,NA,83,3,5,/wnba/players/v/vaughki01w.html,2020
Shatori Walker-Kimbrough,PHO,G,21,400,400,4.7,4.2,11,4,12,0,13,NA,74,3,8,/wnba/players/w/walkesh01w.html,2020
Sue Bird,SEA,G,11,257,257,23.9,14.4,12,3,4,0,0,NA,135,0,1,/wnba/players/b/birdsu01w.html,2020
Jordin Canada,SEA,G,20,483,483,10.6,-7.1,23,12,12,2,23,NA,260,3,10,/wnba/players/c/canadjo01w.html,2020
Alysha Clark,SEA,F,22,633,633,20,22.7,12,4,22,0,12,NA,137,5,2,/wnba/players/c/clarkal01w.html,2020
Natasha Howard,SEA,F,22,463,463,18.9,10.9,11,11,32,13,16,NA,52,2,7,/wnba/players/h/howarna01w.html,2020
Crystal Langhorne,SEA,F-C,13,107,107,-8.9,-25.6,3,4,4,1,4,NA,17,2,1,/wnba/players/l/langhcr01w.html,2020
Jewell Loyd,SEA,G,22,613,613,14.8,3.4,26,11,19,3,36,NA,166,5,10,/wnba/players/l/loydje01w.html,2020
Ezi Magbegor,SEA,C,22,292,292,7.8,-8.9,2,4,26,2,16,NA,18,5,8,/wnba/players/m/magbeez01w.html,2020
Epiphanny Prince,SEA,G,15,190,190,1,-16.1,6,3,9,2,4,NA,49,0,2,/wnba/players/p/princep01w.html,2020
Mercedes Russell,SEA,C,22,304,304,11.6,-3.3,5,9,6,1,13,NA,29,5,5,/wnba/players/r/russeme01w.html,2020
Breanna Stewart,SEA,F,20,607,607,16.3,8.4,20,17,19,9,50,NA,171,8,11,/wnba/players/s/stewabr01w.html,2020
Morgan Tuck,SEA,F,10,88,88,-3.4,-19,5,0,4,1,3,NA,4,0,1,/wnba/players/t/tuckmo01w.html,2020
Sami Whitcomb,SEA,G,22,363,363,10.8,-5,15,5,19,0,11,NA,93,2,5,/wnba/players/w/whitcsa01w.html,2020
Ariel Atkins,WAS,G,22,682,682,2.3,18.8,26,12,18,1,24,NA,126,6,4,/wnba/players/a/atkinar01w.html,2020
Alaina Coates,WAS,C,20,197,197,-5.6,-4.6,3,4,20,4,13,NA,21,2,7,/wnba/players/c/coateal01w.html,2020
Tianna Hawkins,WAS,F,17,329,329,-12.9,-17.1,4,4,27,5,12,NA,40,4,5,/wnba/players/h/hawkiti01w.html,2020
Myisha Hines-Allen,WAS,F,22,659,659,3.7,21.7,20,16,27,8,26,NA,140,10,14,/wnba/players/h/hinesmy01w.html,2020
Kiara Leslie,WAS,G,19,414,414,-1.9,0.2,10,7,17,0,6,NA,46,1,4,/wnba/players/l/lesliki01w.html,2020
Emma Meesseman,WAS,F,20,634,634,-1.9,0.3,17,11,14,3,14,NA,222,3,4,/wnba/players/m/meessem01w.html,2020
Leilani Mitchell,WAS,G,22,673,673,-1.6,1.8,20,9,15,2,16,NA,266,5,11,/wnba/players/m/mitchle01w.html,2020
Aerial Powers,WAS,F-G,6,179,179,9.8,15,2,3,6,1,14,NA,33,5,2,/wnba/players/p/powerae01w.html,2020
Sug Sutton,WAS,G,12,113,113,-9.2,-8.2,4,2,5,0,4,NA,33,1,4,/wnba/players/s/suttosu01w.html,2020
Essence Carson,TOT,G,21,291,291,-15.8,-18.1,3,7,10,1,5,NA,30,0,6,/wnba/players/c/carsoes01w.html,2020
Jacki Gemelos,TOT,G,18,222,222,-4.4,-4.2,10,1,10,0,1,NA,37,0,2,/wnba/players/g/gemelja01w.html,2020
Megan Huff,TOT,F,7,16,16,-30.8,-39.2,0,1,1,2,0,NA,2,0,1,/wnba/players/h/huffme01w.html,2020
Alisia Jenkins,TOT,F,5,28,28,-9.7,-8.6,0,1,2,1,3,NA,0,0,1,/wnba/players/j/jenkial01w.html,2020
Stella Johnson,TOT,G,9,100,100,-0.9,-2,0,2,3,0,1,NA,28,1,0,/wnba/players/j/johnsst01w.html,2020
Stephanie Mavunga,TOT,F,10,95,95,-9.4,-6.8,1,2,7,2,3,NA,13,1,2,/wnba/players/m/mavunst01w.html,2020
Erica McCall,TOT,F,20,183,183,6.7,9.8,2,3,14,1,12,NA,8,1,2,/wnba/players/m/mccaler01w.html,2020
Shey Peddy,TOT,G,17,257,257,-0.6,-1,8,3,12,3,4,2,71,0,4,/wnba/players/p/peddysh01w.html,2020
Erica McCall,ATL,F,1,5,5,2.4,11.2,0,0,1,0,0,NA,0,0,0,/wnba/players/m/mccaler01w.html,2020
Stella Johnson,CHI,G,4,6,6,-44.7,-48.8,0,0,0,0,0,NA,0,0,0,/wnba/players/j/johnsst01w.html,2020
Jacki Gemelos,CON,G,6,29,29,19.6,19.7,2,1,5,0,0,NA,3,0,0,/wnba/players/g/gemelja01w.html,2020
Alisia Jenkins,IND,F,1,2,2,-225,-215.4,0,0,0,0,0,NA,0,0,0,/wnba/players/j/jenkial01w.html,2020
Stephanie Mavunga,IND,F,5,59,59,-4.6,5.8,0,1,1,0,3,NA,8,1,2,/wnba/players/m/mavunst01w.html,2020
Megan Huff,MIN,F,3,5,5,-12.5,-17.5,0,0,1,0,0,NA,2,0,1,/wnba/players/h/huffme01w.html,2020
Essence Carson,WAS,G,10,168,168,-21.3,-23.9,3,3,5,1,3,NA,13,0,4,/wnba/players/c/carsoes01w.html,2020
Shey Peddy,WAS,G,9,116,116,-3.5,-1.8,6,1,3,1,1,NA,28,0,1,/wnba/players/p/peddysh01w.html,2020
Alisia Jenkins,CHI,F,2,3,3,117.1,113.7,0,0,0,0,0,NA,0,0,0,/wnba/players/j/jenkial01w.html,2020
Stephanie Mavunga,CHI,F,5,36,36,-18.6,-23.3,1,1,5,2,0,NA,5,0,0,/wnba/players/m/mavunst01w.html,2020
Essence Carson,CON,G,11,123,123,-8.4,-10.3,0,4,4,0,2,NA,17,0,2,/wnba/players/c/carsoes01w.html,2020
Megan Huff,LVA,F,4,11,11,-38.9,-50.6,0,1,0,2,0,NA,0,0,0,/wnba/players/h/huffme01w.html,2020
Erica McCall,MIN,F,19,178,178,6.9,2.5,2,3,11,1,10,NA,8,1,2,/wnba/players/m/mccaler01w.html,2020
Shey Peddy,PHO,G,8,141,141,1.8,-0.7,2,2,7,2,2,NA,43,0,3,/wnba/players/p/peddysh01w.html,2020
Jacki Gemelos,WAS,G,12,193,193,-8.1,-7.7,8,0,5,0,1,NA,34,0,2,/wnba/players/g/gemelja01w.html,2020
Stella Johnson,WAS,G,5,94,94,1.7,4.1,0,2,3,0,1,NA,28,1,0,/wnba/players/j/johnsst01w.html,2020
Alisia Jenkins,PHO,F,2,23,23,-9.1,-11.8,0,1,2,1,3,NA,0,0,1,/wnba/players/j/jenkial01w.html,2020
Monique Billings,ATL,F,31,740,740,-5.3,5.2,11,11,38,14,39,NA,72,8,16,/wnba/players/b/billimo01w.html,2021
Crystal Bradford,ATL,G,24,440,440,-5.9,2.5,12,4,29,5,20,NA,84,6,11,/wnba/players/b/bradfcr01w.html,2021
Kalani Brown,ATL,C,1,5,5,-25,-17.5,0,0,0,0,0,NA,0,0,0,/wnba/players/b/brownka01w.html,2021
Chennedy Carter,ATL,G,11,280,280,-2.3,6.8,10,6,21,3,17,NA,79,4,6,/wnba/players/c/cartech01w.html,2021
Blake Dietrick,ATL,G,9,141,141,-2.3,5.9,3,1,10,0,0,NA,25,0,2,/wnba/players/d/dietrbl01w.html,2021
Tianna Hawkins,ATL,F,28,433,433,-8.5,-1.5,11,11,24,6,9,NA,40,1,4,/wnba/players/h/hawkiti01w.html,2021
Tiffany Hayes,ATL,G,21,595,595,-5.1,4.5,12,9,19,5,30,NA,138,7,16,/wnba/players/h/hayesti01w.html,2021
Aari McDonald,ATL,G,30,493,493,-6.2,2.1,21,10,24,2,19,NA,139,5,6,/wnba/players/m/mcdonaa01w.html,2021
Cheyenne Parker,ATL,F,13,270,270,-10.9,-4.2,1,9,16,2,13,NA,40,4,6,/wnba/players/p/parkech01w.html,2021
Odyssey Sims,ATL,G,30,753,753,-11.9,-10.6,24,15,16,4,23,NA,245,4,13,/wnba/players/s/simsod01w.html,2021
Shekinna Stricklen,ATL,F,24,236,236,-19.4,-14.5,3,0,10,0,2,NA,21,0,2,/wnba/players/s/stricsh01w.html,2021
Courtney Williams,ATL,G,32,1101,1101,-5.5,14.2,35,13,27,3,18,NA,297,5,14,/wnba/players/w/willico01w.html,2021
Elizabeth Williams,ATL,C-F,32,761,761,-8.3,-1.8,9,8,26,7,22,NA,91,3,26,/wnba/players/w/williel01w.html,2021
Brittany Boyd,CHI,G,2,22,22,-3.6,-5.1,3,1,1,0,0,NA,9,0,1,/wnba/players/b/boydbr01w.html,2021
Lexie Brown,CHI,G,17,162,162,0.6,-0.9,6,2,5,0,0,NA,46,0,0,/wnba/players/b/brownle02w.html,2021
Kahleah Copper,CHI,G-F,32,986,986,0.1,-5.8,34,11,29,8,54,NA,135,9,43,/wnba/players/c/coppeka01w.html,2021
Diamond DeShields,CHI,G,32,860,860,-0.6,-6.2,33,16,34,5,53,NA,171,9,10,/wnba/players/d/deshidi01w.html,2021
Stefanie Dolson,CHI,C,24,480,480,5.1,5.7,10,2,21,13,9,NA,69,1,15,/wnba/players/d/dolsost01w.html,2021
Shyla Heal,CHI,G,4,31,31,-14,-15.8,4,3,1,0,2,NA,7,0,1,/wnba/players/h/healsh01w.html,2021
Ruthy Hebard,CHI,F,30,505,505,4.4,4.8,3,6,31,7,16,NA,54,4,12,/wnba/players/h/hebarru01w.html,2021
Astou Ndour,CHI,C-F,20,342,342,-8.5,-13.6,5,2,19,4,15,NA,18,4,13,/wnba/players/n/ndouras01w.html,2021
Candace Parker,CHI,F-C,23,615,615,4.2,5.2,37,14,20,1,28,NA,207,8,9,/wnba/players/p/parkeca01w.html,2021
Allie Quigley,CHI,G,26,635,635,6.6,10.1,19,7,8,3,17,NA,137,4,8,/wnba/players/q/quiglal01w.html,2021
Azura Stevens,CHI,F-C,30,587,587,0.8,-1.2,8,5,27,11,15,NA,56,7,20,/wnba/players/s/steveaz01w.html,2021
Courtney Vandersloot,CHI,G,32,977,977,2.6,4.7,72,14,32,2,22,NA,619,7,17,/wnba/players/v/vandeco01w.html,2021
Stephanie Watts,CHI,G,6,84,84,-12.4,-14.8,4,4,9,0,3,NA,7,0,3,/wnba/players/w/wattsst01w.html,2021
DeWanna Bonner,CON,F-G,32,1022,1022,14.5,5.1,39,19,23,5,58,NA,242,14,24,/wnba/players/b/bonnede01w.html,2021
DiJonai Carrington,CON,G-F,24,220,220,3.9,-11.5,10,4,13,6,9,NA,26,3,12,/wnba/players/c/carridi01w.html,2021
Kaila Charles,CON,G-F,30,488,488,11.1,-3.6,12,6,21,6,14,NA,79,6,8,/wnba/players/c/charlka01w.html,2021
Aleah Goodman,CON,G,1,3,3,-123.3,-137.1,0,0,1,0,0,NA,3,0,0,/wnba/players/g/goodmal01w.html,2021
Natisha Hiedeman,CON,G,32,644,644,8.5,-9.9,17,7,34,4,21,NA,139,3,9,/wnba/players/h/hiedena01w.html,2021
Briann January,CON,G,29,877,877,16.1,8.5,34,8,16,7,7,NA,212,2,4,/wnba/players/j/januabr01w.html,2021
Brionna Jones,CON,F,32,980,980,16.1,11.3,23,23,28,17,49,NA,136,14,35,/wnba/players/j/jonesbr01w.html,2021
Jonquel Jones,CON,F,27,856,856,20.4,20.6,18,26,24,25,58,NA,186,16,22,/wnba/players/j/jonesjo01w.html,2021
Stephanie Jones,CON,F,18,99,99,-14.2,-29.9,0,2,3,0,1,NA,6,0,9,/wnba/players/j/jonesst01w.html,2021
Beatrice Mompremier,CON,F,32,275,275,-1.5,-18.8,4,6,23,5,3,NA,15,0,11,/wnba/players/m/momprbe01w.html,2021
Alyssa Thomas,CON,F,3,37,37,22.4,9.3,1,1,1,1,2,NA,9,0,1,/wnba/players/t/thomaal01w.html,2021
Jasmine Thomas,CON,G,30,887,887,16.6,10.3,47,11,18,2,24,NA,282,7,12,/wnba/players/t/thomaja01w.html,2021
Bella Alarie,DAL,C-F,31,407,407,6.6,10.8,6,7,22,3,10,NA,39,0,7,/wnba/players/a/alaribe01w.html,2021
Charli Collier,DAL,F-C,28,345,345,-14.9,-19.3,6,3,26,2,10,NA,14,1,14,/wnba/players/c/collich01w.html,2021
Chelsea Dungee,DAL,G,14,64,64,3.1,4.1,2,0,1,0,0,NA,3,0,1,/wnba/players/d/dungech01w.html,2021
Allisha Gray,DAL,G,25,694,694,1,4,13,12,24,3,32,NA,94,10,13,/wnba/players/g/grayal01w.html,2021
Isabelle Harrison,DAL,F,28,665,665,6.2,14.5,13,10,30,9,31,NA,69,9,29,/wnba/players/h/harriis01w.html,2021
Tyasha Harris,DAL,G,32,522,522,-2.5,-2.8,22,5,20,3,16,NA,202,2,7,/wnba/players/h/harrity01w.html,2021
Moriah Jefferson,DAL,G,29,500,500,-0.7,0.2,19,9,16,6,4,NA,180,3,7,/wnba/players/j/jeffemo01w.html,2021
Awak Kuier,DAL,F,16,142,142,-6.5,-6.4,5,7,7,2,6,NA,24,0,3,/wnba/players/k/kuieraw01w.html,2021
Marina Mabrey,DAL,G,32,773,773,0.2,2.6,38,13,29,12,20,NA,207,6,25,/wnba/players/m/mabrema01w.html,2021
Arike Ogunbowale,DAL,G,32,1003,1003,-3.3,-11.2,28,9,9,24,61,NA,243,16,24,/wnba/players/o/ogunbar01w.html,2021
Satou Sabally,DAL,F,17,423,423,4.9,8.5,13,14,25,6,28,NA,123,9,10,/wnba/players/s/sabalsa01w.html,2021
Kayla Thornton,DAL,F,31,857,857,-5.4,-13.5,8,10,23,5,23,NA,108,7,22,/wnba/players/t/thornka01w.html,2021
Lindsay Allen,IND,G,32,571,571,-17.2,-7.6,21,4,12,2,16,NA,219,3,8,/wnba/players/a/allenli01w.html,2021
Jessica Breland,IND,F,26,544,544,-16.6,-6.4,33,6,30,6,9,NA,112,1,12,/wnba/players/b/brelaje01w.html,2021
Kysre Gondrezick,IND,G,19,173,173,-23.1,-11.8,10,5,7,0,1,NA,40,0,1,/wnba/players/g/gondrky01w.html,2021
Bernadett Hatar,IND,C,7,106,106,-29.2,-17.8,4,2,9,2,2,NA,5,0,2,/wnba/players/h/hatarbe01w.html,2021
Jantel Lavender,IND,F,27,539,539,-17.9,-8.9,24,6,25,7,7,NA,87,0,10,/wnba/players/l/lavenja01w.html,2021
Teaira McCowan,IND,C,32,848,848,-7.1,16.8,22,6,53,19,50,NA,78,12,29,/wnba/players/m/mccowte01w.html,2021
Kelsey Mitchell,IND,G,32,1059,1059,-9.9,17.7,37,12,26,9,34,NA,180,7,21,/wnba/players/m/mitchke01w.html,2021
Tiffany Mitchell,IND,G,28,765,765,-9.6,8.3,28,10,24,3,54,NA,131,10,13,/wnba/players/m/mitchti01w.html,2021
Chelsey Perry,IND,F,6,40,40,15.1,28.9,0,0,3,1,1,NA,4,0,1,/wnba/players/p/perrych01w.html,2021
Danielle Robinson,IND,G,24,659,659,-8.7,8.9,28,9,16,1,27,NA,198,5,18,/wnba/players/r/robinda01w.html,2021
Victoria Vivians,IND,G,31,661,661,-15.8,-6,17,7,28,2,14,NA,90,0,7,/wnba/players/v/viviavi01w.html,2021
Aaliyah Wilson,IND,G,14,119,119,-26.8,-15.4,8,0,10,0,0,NA,19,0,1,/wnba/players/w/wilsoaa01w.html,2021
Nia Coffey,LAS,F,32,805,805,-7.5,-4.4,19,11,47,10,17,NA,67,4,6,/wnba/players/c/coffeni01w.html,2021
Te'a Cooper,LAS,G,31,682,682,-7.9,-4.4,26,18,30,4,38,NA,114,6,19,/wnba/players/c/coopete01w.html,2021
Arella Guirantes,LAS,G,25,291,291,-1.5,5.6,10,1,17,0,10,NA,33,0,7,/wnba/players/g/guiraar01w.html,2021
Chiney Ogwumike,LAS,F-C,7,134,134,3.9,10.9,1,1,11,2,4,NA,19,2,6,/wnba/players/o/ogwumch01w.html,2021
Nneka Ogwumike,LAS,F,18,570,570,-6,-0.2,22,8,9,7,18,NA,116,7,14,/wnba/players/o/ogwumnn01w.html,2021
Brittney Sykes,LAS,G,32,939,939,-1.8,14.9,26,12,28,3,40,NA,163,18,8,/wnba/players/s/sykesbr01w.html,2021
Kristi Toliver,LAS,G,19,525,525,-6.7,-1.5,18,6,17,2,5,NA,122,1,6,/wnba/players/t/tolivkr01w.html,2021
Jasmine Walker,LAS,F,2,20,20,-51.8,-46.7,0,0,1,0,1,NA,5,0,1,/wnba/players/w/walkeja01w.html,2021
Erica Wheeler,LAS,G,32,967,967,-7.9,-8.1,47,25,29,5,39,NA,358,8,32,/wnba/players/w/wheeler01w.html,2021
Amanda Zahui B.,LAS,C,30,714,714,-3.2,6,16,15,37,11,16,NA,71,1,12,/wnba/players/z/zahuiam01w.html,2021
Liz Cambage,LVA,C,25,595,595,13.2,4,13,10,36,15,49,NA,76,16,10,/wnba/players/c/cambael01w.html,2021
Chelsea Gray,LVA,G,32,926,926,9.7,-4.9,61,20,18,3,15,NA,410,2,10,/wnba/players/g/graych01w.html,2021
Dearica Hamby,LVA,F,29,710,710,15.6,9.9,12,13,19,4,52,NA,113,13,26,/wnba/players/h/hambyde01w.html,2021
Angel McCoughtry,LVA,F-G,1,0,0,NA,NA,0,0,0,0,0,NA,0,0,0,/wnba/players/m/mccouan01w.html,2021
JiSu Park,LVA,C,25,223,223,3.1,-9.7,8,4,14,5,5,NA,48,0,3,/wnba/players/p/parkji01w.html,2021
Kelsey Plum,LVA,G,26,665,665,10.6,-0.9,24,10,15,5,33,NA,204,10,14,/wnba/players/p/plumke01w.html,2021
Destiny Slocum,LVA,G,21,133,133,17.9,7.6,4,2,7,1,2,NA,31,1,1,/wnba/players/s/slocude01w.html,2021
Riquna Williams,LVA,G,32,833,833,8.6,-7,14,3,27,3,23,NA,107,6,1,/wnba/players/w/williri02w.html,2021
A'ja Wilson,LVA,F,32,1021,1021,8.7,-11.2,26,8,33,5,97,NA,213,21,45,/wnba/players/w/wilsoa01w.html,2021
Jackie Young,LVA,G,32,1016,1016,14.5,16.1,35,8,32,0,49,NA,231,17,9,/wnba/players/y/youngja01w.html,2021
Natalie Achonwa,MIN,F,21,253,253,2.9,-3.1,8,4,16,1,7,NA,59,0,5,/wnba/players/a/achonna01w.html,2021
Rachel Banham,MIN,G,27,341,341,8.4,4.2,15,10,26,0,3,NA,100,0,8,/wnba/players/b/banhara01w.html,2021
Bridget Carleton,MIN,F,32,618,618,2.4,-5.5,14,8,18,2,7,NA,111,0,8,/wnba/players/c/carlebr01w.html,2021
Napheesa Collier,MIN,F,29,1003,1003,7.6,10.3,27,20,38,13,53,NA,214,16,31,/wnba/players/c/collina01w.html,2021
Crystal Dangerfield,MIN,G,31,623,623,0,-10.4,29,10,26,1,17,NA,203,3,18,/wnba/players/d/dangecr01w.html,2021
Damiris Dantas,MIN,F,24,572,572,2.4,-5.4,29,3,17,11,8,NA,121,0,8,/wnba/players/d/dantada01w.html,2021
Sylvia Fowles,MIN,C,31,934,934,5.8,1.8,22,15,33,19,46,NA,98,8,15,/wnba/players/f/fowlesy01w.html,2021
Linnae Harper,MIN,G,1,5,5,70,64.9,0,0,1,0,0,NA,0,0,0,/wnba/players/h/harpeli01w.html,2021
Kayla McBride,MIN,G,32,1010,1010,6.7,6.4,21,7,11,3,29,NA,164,9,9,/wnba/players/m/mcbrika01w.html,2021
Aerial Powers,MIN,F-G,14,309,309,7.3,2.6,13,17,13,4,28,NA,66,8,10,/wnba/players/p/powerae01w.html,2021
Jessica Shepard,MIN,F,22,231,231,-3.4,-10.6,13,3,5,1,8,NA,83,2,7,/wnba/players/s/shepaje01w.html,2021
Rebecca Allen,NYL,G,25,615,615,-16.1,-13.9,6,6,27,3,17,NA,73,2,9,/wnba/players/a/allenre01w.html,2021
Reshanda Gray,NYL,F,15,210,210,-8.8,-0.1,4,5,17,9,14,NA,11,4,9,/wnba/players/g/grayre01w.html,2021
Natasha Howard,NYL,F,13,357,357,-10.1,-1.8,19,6,18,10,17,NA,53,3,8,/wnba/players/h/howarna01w.html,2021
Sabrina Ionescu,NYL,G,30,899,899,-6,9.1,67,15,36,4,28,NA,430,8,21,/wnba/players/i/ionessa01w.html,2021
Jazmine Jones,NYL,G,27,448,448,-13,-6.4,19,7,27,10,19,NA,76,4,15,/wnba/players/j/jonesja02w.html,2021
Betnijah Laney,NYL,G-F,32,1069,1069,-8.1,4.2,60,24,15,18,49,NA,423,8,17,/wnba/players/l/laneybe01w.html,2021
Leaonna Odom,NYL,F,18,217,217,-15.3,-7.7,4,3,8,2,6,NA,23,1,2,/wnba/players/o/odomle01w.html,2021
Michaela Onyenwere,NYL,F,32,711,711,-7.5,2.8,10,10,40,6,30,NA,49,7,23,/wnba/players/o/onyenmi01w.html,2021
DiDi Richards,NYL,G-F,31,346,346,-10.9,-2.9,6,5,10,1,5,NA,62,0,4,/wnba/players/r/richadi01w.html,2021
Kylee Shook,NYL,F,30,567,567,-3.9,8.8,14,6,22,11,3,NA,107,1,15,/wnba/players/s/shookky01w.html,2021
Sami Whitcomb,NYL,G,30,843,843,-5.7,9.1,45,11,35,0,17,NA,191,6,9,/wnba/players/w/whitcsa01w.html,2021
Sophie Cunningham,PHO,G,30,524,524,3.6,0,3,4,17,3,11,NA,72,3,11,/wnba/players/c/cunniso01w.html,2021
Skylar Diggins-Smith,PHO,G,32,1040,1040,7.4,20.2,53,17,26,5,85,NA,377,21,22,/wnba/players/d/diggisk01w.html,2021
Haley Gorecki,PHO,G,3,6,6,-46.2,-50,0,0,0,0,0,NA,0,0,0,/wnba/players/g/gorecha01w.html,2021
Brittney Griner,PHO,C,30,983,983,4.9,5.8,25,13,30,19,64,NA,195,16,14,/wnba/players/g/grinebr01w.html,2021
Bria Hartley,PHO,G,6,51,51,-24.2,-28.9,2,2,0,0,0,NA,12,0,2,/wnba/players/h/hartlbr01w.html,2021
Kia Nurse,PHO,G,32,835,835,2.5,-3.2,24,12,32,7,31,NA,120,5,15,/wnba/players/n/nurseki01w.html,2021
Shey Peddy,PHO,G,32,560,560,-0.4,-7,21,3,14,1,8,NA,185,4,3,/wnba/players/p/peddysh01w.html,2021
Alanna Smith,PHO,F,18,117,117,-2.3,-6.5,1,2,2,3,1,NA,23,0,2,/wnba/players/s/smithal01w.html,2021
Diana Taurasi,PHO,G,16,455,455,7.2,5.6,34,5,11,6,25,NA,177,5,6,/wnba/players/t/tauradi01w.html,2021
Brianna Turner,PHO,F,32,994,994,8,19.5,24,7,32,12,22,NA,137,8,17,/wnba/players/t/turnebr01w.html,2021
Kia Vaughn,PHO,C,28,441,441,-6.7,-15.7,15,3,18,12,10,NA,89,2,6,/wnba/players/v/vaughki01w.html,2021
Megan Walker,PHO,F,29,426,426,0.5,-4.6,11,6,27,5,13,NA,57,2,9,/wnba/players/w/walkeme01w.html,2021
Sue Bird,SEA,G,30,832,832,6.7,3.4,36,5,13,0,6,NA,366,0,6,/wnba/players/b/birdsu01w.html,2021
Kennedy Burke,SEA,G-F,23,176,176,-14.8,-23.4,4,3,8,2,8,NA,15,0,6,/wnba/players/b/burkeke01w.html,2021
Jordin Canada,SEA,G,29,542,542,3.2,-4,21,5,12,1,22,NA,208,3,7,/wnba/players/c/canadjo01w.html,2021
Mikiah Herbert Harrigan,SEA,F,1,1,1,0,-5.5,0,0,0,0,0,NA,0,0,0,/wnba/players/h/harrimi01w.html,2021
Jewell Loyd,SEA,G,31,962,962,7.6,8,35,21,28,10,52,NA,274,10,17,/wnba/players/l/loydje01w.html,2021
Ezi Magbegor,SEA,C,30,456,456,0.4,-7.8,10,4,32,5,18,NA,58,5,17,/wnba/players/m/magbeez01w.html,2021
Epiphanny Prince,SEA,G,29,416,416,4.9,-0.9,13,5,16,4,10,NA,117,1,11,/wnba/players/p/princep01w.html,2021
Mercedes Russell,SEA,C,30,740,740,10.2,10.7,12,13,31,7,25,NA,122,5,10,/wnba/players/r/russeme01w.html,2021
Katie Lou Samuelson,SEA,F,27,566,566,5,-1,15,5,26,3,14,NA,107,4,8,/wnba/players/s/samueka02w.html,2021
Breanna Stewart,SEA,F,28,934,934,11.3,20.7,23,14,25,9,70,NA,188,12,22,/wnba/players/s/stewabr01w.html,2021
Stephanie Talbot,SEA,F,30,538,538,10,7.6,31,3,35,4,3,NA,111,2,4,/wnba/players/t/talbost01w.html,2021
Kiana Williams,SEA,G,10,35,35,-41.5,-48.3,2,0,2,0,1,NA,4,1,0,/wnba/players/w/williki02w.html,2021
Jillian Alleyne,WAS,C-F,2,8,8,2.2,6.8,0,0,0,0,0,NA,0,0,0,/wnba/players/a/alleyji01w.html,2021
Ariel Atkins,WAS,G,30,918,918,-2.7,6.4,28,20,32,6,39,NA,191,9,17,/wnba/players/a/atkinar01w.html,2021
Tina Charles,WAS,C,27,900,900,-3.9,2.3,24,10,26,14,59,NA,149,17,28,/wnba/players/c/charlti01w.html,2021
Natasha Cloud,WAS,G,27,852,852,-3.2,4,41,10,27,3,23,NA,420,5,12,/wnba/players/c/cloudna01w.html,2021
Elena Delle Donne,WAS,F-G,3,52,52,29.9,35.8,0,1,1,1,4,NA,6,0,3,/wnba/players/d/delleel01w.html,2021
Megan Gustafson,WAS,C,11,109,109,-27.9,-25.4,3,3,4,2,6,NA,0,3,4,/wnba/players/g/gustame01w.html,2021
Myisha Hines-Allen,WAS,F,18,462,462,-5.2,-1,14,6,21,5,29,NA,110,6,17,/wnba/players/h/hinesmy01w.html,2021
Stella Johnson,WAS,G,6,31,31,-8.5,-4.1,1,2,2,1,1,NA,5,0,0,/wnba/players/j/johnsst01w.html,2021
Kiara Leslie,WAS,G,9,86,86,-8.6,-4.3,1,1,5,0,3,NA,5,0,2,/wnba/players/l/lesliki01w.html,2021
Erica McCall,WAS,F,23,356,356,-3.1,1.9,3,7,22,9,12,NA,32,3,6,/wnba/players/m/mccaler01w.html,2021
Leilani Mitchell,WAS,G,31,725,725,-3.3,3,19,11,13,3,5,NA,187,1,2,/wnba/players/m/mitchle01w.html,2021
Theresa Plaisance,WAS,F,31,559,559,-6.5,-3.5,18,8,43,8,11,NA,94,1,6,/wnba/players/p/plaisth01w.html,2021
Sydney Wiese,WAS,G,27,578,578,-8.3,-6.8,19,7,11,0,6,NA,104,1,11,/wnba/players/w/wiesesy01w.html,2021
Shavonte Zellous,WAS,G,28,442,442,-5.6,-1.6,13,3,26,4,12,NA,108,3,5,/wnba/players/z/zellosh01w.html,2021
Kristine Anigwe,TOT,F-C,10,136,136,-7.6,-4.5,3,4,11,4,7,NA,12,0,5,/wnba/players/a/anigwkr01w.html,2021
Cierra Burdick,TOT,F,14,64,64,-9.1,-14.2,2,0,4,0,2,NA,13,1,2,/wnba/players/b/burdici01w.html,2021
Emma Cannon,TOT,F,20,295,295,-10.2,-15.3,14,8,13,4,5,NA,35,1,14,/wnba/players/c/cannoem01w.html,2021
Layshia Clarendon,TOT,G,22,543,543,9.9,14.7,34,14,11,9,14,NA,283,5,15,/wnba/players/c/clarela01w.html,2021
Lauren Cox,TOT,F,26,305,305,-14,-5.2,9,2,20,3,7,NA,28,0,4,/wnba/players/c/coxla01w.html,2021
Candice Dupree,TOT,F,26,463,463,-9,-9.8,9,8,9,4,12,NA,39,4,10,/wnba/players/d/dupreca01w.html,2021
Dana Evans,TOT,G,29,221,221,2,1.8,9,3,13,2,11,NA,73,0,6,/wnba/players/e/evansda02w.html,2021
Bria Holmes,TOT,G,19,318,318,-12.1,-17,16,1,10,2,12,NA,50,1,10,/wnba/players/h/holmebr01w.html,2021
Joyner Holmes,TOT,F,5,28,28,-5.1,-6.4,0,1,0,1,0,NA,8,0,0,/wnba/players/h/holmejo02w.html,2021
Natasha Mack,TOT,F,4,18,18,-11.7,-15.1,1,1,2,0,0,NA,0,0,1,/wnba/players/m/mackna01w.html,2021
Karlie Samuelson,TOT,F,14,206,206,-1.5,-1.6,4,2,11,1,3,NA,27,0,1,/wnba/players/s/samueka01w.html,2021
Kiah Stokes,TOT,C,24,443,443,4.3,3.6,3,5,28,2,4,NA,45,0,2,/wnba/players/s/stokeki01w.html,2021
Shatori Walker-Kimbrough,TOT,G,17,350,350,-4,-9.6,7,10,17,1,17,NA,35,3,2,/wnba/players/w/walkesh01w.html,2021
Natasha Mack,CHI,F,3,16,16,-16.2,-17.8,1,1,2,0,0,NA,0,0,1,/wnba/players/m/mackna01w.html,2021
Shatori Walker-Kimbrough,CON,G,1,4,4,-33.3,-46.9,0,1,0,0,0,NA,0,0,0,/wnba/players/w/walkesh01w.html,2021
Kristine Anigwe,DAL,F-C,3,30,30,3.4,4.3,1,1,3,0,1,NA,0,0,3,/wnba/players/a/anigwkr01w.html,2021
Dana Evans,DAL,G,6,24,24,12,13,2,1,1,1,1,NA,7,0,1,/wnba/players/e/evansda02w.html,2021
Lauren Cox,IND,F,11,95,95,-25.1,-13.3,4,0,7,1,0,NA,7,0,1,/wnba/players/c/coxla01w.html,2021
Bria Holmes,LAS,G,17,312,312,-12.2,-8.4,15,1,10,2,12,NA,50,1,10,/wnba/players/h/holmebr01w.html,2021
Karlie Samuelson,LAS,F,11,174,174,0.3,7.2,3,1,11,0,3,NA,22,0,1,/wnba/players/s/samueka01w.html,2021
Emma Cannon,LVA,F,3,17,17,-14.8,-26.2,1,1,1,1,0,NA,2,0,0,/wnba/players/c/cannoem01w.html,2021
Layshia Clarendon,NYL,G,1,3,3,-90.5,-81.9,0,0,0,1,0,NA,0,0,0,/wnba/players/c/clarela01w.html,2021
Joyner Holmes,NYL,F,1,5,5,-33.3,-24.7,0,1,0,0,0,NA,3,0,0,/wnba/players/h/holmejo02w.html,2021
Kiah Stokes,NYL,C,9,135,135,-10.1,-1.5,2,0,6,2,1,NA,11,0,2,/wnba/players/s/stokeki01w.html,2021
Cierra Burdick,PHO,F,4,19,19,2.3,-1.3,1,0,2,0,0,NA,6,0,1,/wnba/players/b/burdici01w.html,2021
Candice Dupree,SEA,F,16,260,260,-6.7,-15.3,5,5,6,3,6,NA,25,1,7,/wnba/players/d/dupreca01w.html,2021
Joyner Holmes,LVA,F,4,23,23,2.1,-9.1,0,0,0,1,0,NA,5,0,0,/wnba/players/h/holmejo02w.html,2021
Layshia Clarendon,MIN,G,21,540,540,10.5,8.8,34,14,11,8,14,NA,283,5,15,/wnba/players/c/clarela01w.html,2021
Shatori Walker-Kimbrough,WAS,G,16,346,346,-3.6,1.2,7,9,17,1,17,NA,35,3,2,/wnba/players/w/walkesh01w.html,2021
Emma Cannon,CON,F,5,58,58,-14,-28.7,4,0,1,0,1,NA,8,0,1,/wnba/players/c/cannoem01w.html,2021
Kristine Anigwe,LAS,F-C,7,106,106,-10.9,-5.5,2,3,8,4,6,NA,12,0,2,/wnba/players/a/anigwkr01w.html,2021
Natasha Mack,MIN,F,1,2,2,50,44.7,0,0,0,0,0,NA,0,0,0,/wnba/players/m/mackna01w.html,2021
Cierra Burdick,MIN,F,3,10,10,50,45,0,0,0,0,1,NA,0,1,0,/wnba/players/b/burdici01w.html,2021
Dana Evans,CHI,G,23,197,197,0.7,-0.9,7,2,10,1,10,NA,66,0,5,/wnba/players/e/evansda02w.html,2021
Cierra Burdick,SEA,F,7,35,35,-34.5,-41.1,1,0,2,0,1,NA,7,0,1,/wnba/players/b/burdici01w.html,2021
Emma Cannon,IND,F,12,220,220,-8.9,4.8,9,7,11,3,4,NA,25,1,13,/wnba/players/c/cannoem01w.html,2021
Kiah Stokes,LVA,C,15,308,308,10.8,-0.4,1,5,16,0,2,NA,34,0,0,/wnba/players/s/stokeki01w.html,2021
Lauren Cox,LAS,F,15,210,210,-8.5,-3.2,5,2,13,2,7,NA,21,0,3,/wnba/players/c/coxla01w.html,2021
Karlie Samuelson,SEA,F,3,32,32,-12.4,-18.3,1,1,0,1,0,NA,5,0,0,/wnba/players/s/samueka01w.html,2021
Candice Dupree,ATL,F,10,203,203,-12.1,-5.4,4,3,3,1,6,NA,14,3,3,/wnba/players/d/dupreca01w.html,2021
Bria Holmes,LVA,G,2,6,6,-4.5,-15.7,1,0,0,0,0,NA,0,0,0,/wnba/players/h/holmebr01w.html,2021
Monique Billings,ATL,F,19,341,341,1.1,5.3,11,4,29,4,20,3,46,4,9,/wnba/players/b/billimo01w.html,2022
Maya Caldwell,ATL,G,3,62,62,-3.2,-1.2,6,0,2,0,1,1,16,0,0,/wnba/players/c/caldwma01w.html,2022
Nia Coffey,ATL,F,15,314,314,-9.4,-11.3,9,4,19,9,14,5,28,1,11,/wnba/players/c/coffeni01w.html,2022
Tiffany Hayes,ATL,G,3,80,80,-1.8,0.3,3,2,1,0,3,1,10,1,2,/wnba/players/h/hayesti01w.html,2022
Naz Hillmon,ATL,F,20,280,280,-0.4,2.5,8,2,15,4,7,NA,52,1,8,/wnba/players/h/hillmna01w.html,2022
Rhyne Howard,ATL,G,22,673,673,-6.9,-19.1,15,8,25,6,21,5,133,2,10,/wnba/players/h/howarrh01w.html,2022
Aari McDonald,ATL,G,22,572,572,1.1,9,29,14,20,5,26,14,145,4,9,/wnba/players/m/mcdonaa01w.html,2022
Beatrice Mompremier,ATL,F,12,110,110,1.4,4,2,2,8,3,0,1,13,0,6,/wnba/players/m/momprbe01w.html,2022
Cheyenne Parker,ATL,F,22,547,547,-4.6,-6.4,17,8,24,11,20,4,92,6,18,/wnba/players/p/parkech01w.html,2022
Destiny Slocum,ATL,G,3,41,41,9.3,12,2,1,2,2,2,NA,10,1,0,/wnba/players/s/slocude01w.html,2022
Kia Vaughn,ATL,C,15,217,217,7.1,12.1,2,5,8,13,3,NA,29,1,2,/wnba/players/v/vaughki01w.html,2022
Megan Walker,ATL,F,12,115,115,10.7,14.8,5,4,2,1,3,NA,13,0,4,/wnba/players/w/walkeme01w.html,2022
Kristy Wallace,ATL,G,19,455,455,-2.7,-1.2,17,3,20,2,15,9,99,2,17,/wnba/players/w/wallakr01w.html,2022
Erica Wheeler,ATL,G,16,402,402,0.2,4.2,25,9,12,1,5,4,146,1,9,/wnba/players/w/wheeler01w.html,2022
Julie Allemand,CHI,G,11,162,162,-2.2,-11.9,9,0,7,0,4,3,81,1,2,/wnba/players/a/allemju01w.html,2022
Kahleah Copper,CHI,G-F,17,478,478,10.1,5.6,18,10,12,4,26,6,86,8,16,/wnba/players/c/coppeka01w.html,2022
Dana Evans,CHI,G,21,278,278,-2.7,-14.6,14,4,7,1,8,3,88,1,5,/wnba/players/e/evansda02w.html,2022
Rebekah Gardner,CHI,G,21,466,466,4.8,-5.6,16,5,28,2,18,5,57,5,13,/wnba/players/g/gardnre01w.html,2022
Ruthy Hebard,CHI,F,16,167,167,0.9,-8.1,4,1,7,3,5,1,16,2,2,/wnba/players/h/hebarru01w.html,2022
Tina Krajisnik,CHI,C,2,5,5,63.9,56.7,0,0,1,0,0,NA,5,0,1,/wnba/players/k/krajiti01w.html,2022
Anneli Maley,CHI,F,4,44,44,13.4,6.2,1,0,3,0,0,2,6,0,0,/wnba/players/m/maleyan01w.html,2022
Emma Meesseman,CHI,F,22,623,623,7.9,1.3,22,8,26,4,18,4,161,7,4,/wnba/players/m/meessem01w.html,2022
Candace Parker,CHI,F-C,20,570,570,13,15.1,33,11,24,5,23,4,224,9,6,/wnba/players/p/parkeca01w.html,2022
Allie Quigley,CHI,G,20,525,525,10.7,8,16,2,9,4,16,5,134,4,5,/wnba/players/q/quiglal01w.html,2022
Azura Stevens,CHI,F-C,21,459,459,5,-5.2,6,2,19,2,11,NA,32,5,15,/wnba/players/s/steveaz01w.html,2022
Sparkle Taylor,CHI,G,2,25,25,0.4,-7.4,1,0,3,0,1,NA,0,1,0,/wnba/players/t/taylosp01w.html,2022
Courtney Vandersloot,CHI,G,22,578,578,11.8,12.3,41,12,15,3,17,11,316,3,14,/wnba/players/v/vandeco01w.html,2022
Li Yueru,CHI,C,11,60,60,-10.2,-19.2,3,2,2,0,6,NA,5,0,1,/wnba/players/y/yueruli01w.html,2022
Yvonne Anderson,CON,G,11,101,101,0.4,-8.2,7,2,6,1,2,5,25,1,1,/wnba/players/a/anderyv01w.html,2022
DeWanna Bonner,CON,F-G,19,585,585,4.5,-9.8,17,6,14,4,29,5,120,7,7,/wnba/players/b/bonnede01w.html,2022
DiJonai Carrington,CON,G-F,22,385,385,5.9,-3.2,16,9,14,4,25,6,48,2,10,/wnba/players/c/carridi01w.html,2022
Nia Clouden,CON,G,15,113,113,11.9,4.8,1,2,5,0,3,6,27,0,2,/wnba/players/c/cloudni01w.html,2022
Natisha Hiedeman,CON,G,22,540,540,7.9,0.4,24,7,18,0,8,7,158,4,5,/wnba/players/h/hiedena01w.html,2022
Joyner Holmes,CON,F,15,100,100,3.8,-4.4,1,3,5,1,3,NA,20,0,0,/wnba/players/h/holmejo02w.html,2022
Brionna Jones,CON,F,22,573,573,11.3,10,8,8,26,10,41,2,68,8,19,/wnba/players/j/jonesbr01w.html,2022
Jazmine Jones,CON,G,3,18,18,-25.4,-33.9,1,0,1,0,2,NA,3,0,0,/wnba/players/j/jonesja02w.html,2022
Jonquel Jones,CON,F,22,611,611,12,13.9,24,15,28,14,27,4,92,4,18,/wnba/players/j/jonesjo01w.html,2022
Alyssa Thomas,CON,F,22,713,713,5.9,-9.1,40,7,21,10,47,5,279,12,15,/wnba/players/t/thomaal01w.html,2022
Jasmine Thomas,CON,G,5,109,109,16.9,10.5,6,0,3,0,6,1,34,1,0,/wnba/players/t/thomaja01w.html,2022
Courtney Williams,CON,G,20,570,570,6.6,-3.1,26,5,20,0,6,4,146,1,3,/wnba/players/w/willico01w.html,2022
Veronica Burton,DAL,G,22,278,278,4.7,7.4,15,3,14,2,7,9,65,1,4,/wnba/players/b/burtove01w.html,2022
Charli Collier,DAL,F-C,13,53,53,-42.4,-44.5,2,1,5,1,3,NA,0,0,2,/wnba/players/c/collich01w.html,2022
Jasmine Dickey,DAL,G,14,66,66,-20.7,-21.9,2,2,6,0,3,1,4,1,4,/wnba/players/d/dickeja01w.html,2022
Allisha Gray,DAL,G,20,637,637,3.8,15.3,13,6,21,0,31,7,108,8,11,/wnba/players/g/grayal01w.html,2022
Isabelle Harrison,DAL,F,22,478,478,0.2,1.4,8,7,17,6,27,3,91,4,26,/wnba/players/h/harriis01w.html,2022
Tyasha Harris,DAL,G,21,335,335,-5.6,-8.2,21,3,9,1,6,4,144,3,5,/wnba/players/h/harrity01w.html,2022
Awak Kuier,DAL,F,21,267,267,-4.8,-6.3,6,1,12,2,7,1,42,2,2,/wnba/players/k/kuieraw01w.html,2022
Marina Mabrey,DAL,G,20,532,532,-1.3,-2.4,31,8,18,4,15,10,153,5,10,/wnba/players/m/mabrema01w.html,2022
Teaira McCowan,DAL,C,19,252,252,7.7,11.4,4,6,32,14,22,1,14,5,8,/wnba/players/m/mccowte01w.html,2022
Arike Ogunbowale,DAL,G,22,674,674,1,6.4,17,15,11,11,32,3,187,7,6,/wnba/players/o/ogunbar01w.html,2022
Satou Sabally,DAL,F,10,216,216,-1.4,-1.4,8,4,15,6,15,NA,51,6,7,/wnba/players/s/sabalsa01w.html,2022
Kayla Thornton,DAL,F,22,610,610,-0.2,0.6,14,2,20,4,16,4,93,1,9,/wnba/players/t/thornka01w.html,2022
Alaina Coates,IND,C,8,75,75,-28.4,-16.7,1,0,11,3,5,NA,4,1,1,/wnba/players/c/coateal01w.html,2022
Queen Egbo,IND,C,22,519,519,-6.4,14.2,20,10,26,13,28,NA,53,8,11,/wnba/players/e/egboqu01w.html,2022
Emily Engstler,IND,F,24,467,467,-16.3,-6.4,10,6,47,8,11,1,77,3,10,/wnba/players/e/engstem01w.html,2022
Bria Hartley,IND,G,10,87,87,-7.2,6.3,6,1,3,0,2,NA,24,0,1,/wnba/players/h/hartlbr01w.html,2022
Destanni Henderson,IND,G,24,377,377,-19.4,-10.5,21,3,11,1,8,3,121,2,11,/wnba/players/h/hendede01w.html,2022
Lexie Hull,IND,G,18,167,167,-20.8,-9.4,6,1,10,0,4,3,23,1,4,/wnba/players/h/hullle01w.html,2022
Kelsey Mitchell,IND,G,24,788,788,-12.4,2.9,27,17,18,5,39,9,230,11,16,/wnba/players/m/mitchke01w.html,2022
Tiffany Mitchell,IND,G,23,307,307,-16.1,-4.5,7,5,9,2,13,2,44,2,5,/wnba/players/m/mitchti01w.html,2022
Khayla Pointer,IND,G,5,25,25,-22.7,-10,2,2,0,0,3,NA,2,0,0,/wnba/players/p/pointkh01w.html,2022
Danielle Robinson,IND,G,21,494,494,-9.1,8.1,21,9,5,0,17,15,194,2,11,/wnba/players/r/robinda01w.html,2022
Alanna Smith,IND,F,9,116,116,-15.5,-2.9,4,2,8,1,3,5,12,1,0,/wnba/players/s/smithal01w.html,2022
NaLyssa Smith,IND,F,20,613,613,-11.5,4.2,28,10,29,10,30,3,66,9,18,/wnba/players/s/smithna01w.html,2022
Victoria Vivians,IND,G,23,622,622,-12.7,0.8,32,5,20,3,21,5,135,5,15,/wnba/players/v/viviavi01w.html,2022
Amy Atwell,LAS,F,4,32,32,-22.9,-18,1,1,0,0,0,NA,5,0,1,/wnba/players/a/atwelam01w.html,2022
Lexie Brown,LAS,G,22,610,610,-1.2,13.5,15,6,20,1,1,2,116,0,7,/wnba/players/b/brownle02w.html,2022
Rae Burrell,LAS,G-F,3,44,44,-3.5,2.1,1,0,3,0,0,NA,3,0,0,/wnba/players/b/burrera01w.html,2022
Liz Cambage,LAS,C,22,521,521,-3.9,4,21,6,37,15,51,3,104,20,10,/wnba/players/c/cambael01w.html,2022
Jordin Canada,LAS,G,18,472,472,-7.9,-5.2,35,13,18,2,19,5,215,6,4,/wnba/players/c/canadjo01w.html,2022
Chennedy Carter,LAS,G,17,254,254,-7.1,-2.4,18,8,21,0,14,2,76,6,14,/wnba/players/c/cartech01w.html,2022
Olivia Nelson-Ododa,LAS,F,16,159,159,-15,-11.5,3,1,17,4,3,1,8,0,3,/wnba/players/n/nelsool01w.html,2022
Chiney Ogwumike,LAS,F-C,18,290,290,1.8,10.7,5,7,14,7,18,5,40,3,10,/wnba/players/o/ogwumch01w.html,2022
Nneka Ogwumike,LAS,F,22,700,700,-3.9,7.6,21,11,24,5,35,8,96,9,12,/wnba/players/o/ogwumnn01w.html,2022
Katie Lou Samuelson,LAS,F,18,523,523,-4.7,1.8,12,6,24,0,9,6,83,3,9,/wnba/players/s/samueka02w.html,2022
Kianna Smith,LAS,G,2,27,27,-39.5,-35,0,0,2,0,0,NA,5,0,0,/wnba/players/s/smithki04w.html,2022
Brittney Sykes,LAS,G,18,498,498,-5.4,0.1,27,6,14,1,28,7,159,3,4,/wnba/players/s/sykesbr01w.html,2022
Kristi Toliver,LAS,G,7,151,151,-5.9,-0.6,16,1,3,0,0,NA,61,0,1,/wnba/players/t/tolivkr01w.html,2022
Jasmine Walker,LAS,F,18,145,145,-23.9,-21.9,7,3,8,1,0,1,8,0,1,/wnba/players/w/walkeja01w.html,2022
Kierstan Bell,LVA,G,11,77,77,-19,-26.6,1,1,3,0,1,NA,10,0,0,/wnba/players/b/bellki01w.html,2022
Sydney Colson,LVA,G,11,97,97,-15.7,-23.4,3,1,6,0,2,NA,38,1,2,/wnba/players/c/colsosy01w.html,2022
Chelsea Gray,LVA,G,21,620,620,8.5,10.7,31,9,14,3,20,8,291,8,4,/wnba/players/g/graych01w.html,2022
Dearica Hamby,LVA,F,22,647,647,9.5,15.5,3,11,13,9,36,NA,59,7,21,/wnba/players/h/hambyde01w.html,2022
Theresa Plaisance,LVA,F,21,314,314,-3.6,-13.8,8,0,15,2,2,6,33,0,1,/wnba/players/p/plaisth01w.html,2022
Kelsey Plum,LVA,G,22,747,747,8.2,19,33,11,10,11,38,8,295,12,27,/wnba/players/p/plumke01w.html,2022
Iliana Rupert,LVA,C,6,97,97,-12.2,-19.6,1,0,9,1,1,NA,12,0,1,/wnba/players/r/ruperil01w.html,2022
Aisha Sheppard,LVA,G,16,151,151,-5.2,-12.6,2,2,9,1,2,4,11,0,4,/wnba/players/s/sheppai01w.html,2022
Kiah Stokes,LVA,C,17,217,217,2.1,-4.2,0,1,7,6,2,NA,15,0,2,/wnba/players/s/stokeki01w.html,2022
Riquna Williams,LVA,G,7,117,117,-3.5,-10,2,0,4,0,2,NA,23,0,0,/wnba/players/w/williri02w.html,2022
A'ja Wilson,LVA,F,22,656,656,10.6,20.7,17,11,30,9,60,3,89,15,27,/wnba/players/w/wilsoa01w.html,2022
Jackie Young,LVA,G,20,685,685,7,7.8,20,2,25,3,37,3,194,11,12,/wnba/players/y/youngja01w.html,2022
Natalie Achonwa,MIN,F,9,137,137,13.7,18.3,6,0,7,2,6,3,36,0,1,/wnba/players/a/achonna01w.html,2022
Rachel Banham,MIN,G,23,377,377,5.3,12.2,21,2,21,1,7,4,126,0,3,/wnba/players/b/banhara01w.html,2022
Bridget Carleton,MIN,F,23,425,425,3.9,10.4,5,4,17,1,6,10,61,1,7,/wnba/players/c/carlebr01w.html,2022
Elissa Cunane,MIN,C,3,10,10,-15.3,-13.7,1,0,1,0,0,NA,0,0,0,/wnba/players/c/cunanel01w.html,2022
Damiris Dantas,MIN,F,11,201,201,11.5,16.9,10,1,9,0,3,NA,44,2,3,/wnba/players/d/dantada01w.html,2022
Rennia Davis,MIN,F,1,3,3,-75,-73.4,1,0,0,0,0,NA,0,0,0,/wnba/players/d/davisre01w.html,2022
Sylvia Fowles,MIN,C,18,514,514,-4.4,-5.9,9,9,18,11,28,NA,37,10,17,/wnba/players/f/fowlesy01w.html,2022
Kayla McBride,MIN,G,18,547,547,1.2,7.2,22,8,8,0,20,1,79,4,4,/wnba/players/m/mcbrika01w.html,2022
Angel McCoughtry,MIN,F-G,2,20,20,-64.9,-64.6,3,0,1,0,2,NA,4,0,1,/wnba/players/m/mccouan01w.html,2022
Nikolina Milic,MIN,F,21,271,271,-5.7,-5.7,14,3,16,10,16,NA,46,5,8,/wnba/players/m/milicni01w.html,2022
Aerial Powers,MIN,F-G,23,609,609,-5,-9.5,34,13,14,5,55,5,175,10,15,/wnba/players/p/powerae01w.html,2022
Jessica Shepard,MIN,F,23,621,621,-6.6,-14.7,23,6,14,3,31,3,161,8,21,/wnba/players/s/shepaje01w.html,2022
Odyssey Sims,MIN,G,2,54,54,-10.7,-9.5,5,0,4,0,3,1,15,1,2,/wnba/players/s/simsod01w.html,2022
Hannah Sjerven,MIN,C,3,9,9,34.3,36.3,0,0,1,0,0,NA,0,0,1,/wnba/players/s/sjervha01w.html,2022
Kamiah Smalls,MIN,G,3,34,34,-13.4,-12.1,3,1,3,0,0,NA,14,0,0,/wnba/players/s/smallka01w.html,2022
Rebecca Allen,NYL,G,11,240,240,-3.7,0.9,7,2,9,0,4,2,36,0,4,/wnba/players/a/allenre01w.html,2022
Lorela Cubaj,NYL,F,11,88,88,-30.8,-29.3,3,0,8,2,0,NA,10,0,2,/wnba/players/c/cubajlo01w.html,2022
Stefanie Dolson,NYL,C,22,509,509,-7.2,-6.5,19,4,23,9,12,1,100,1,4,/wnba/players/d/dolsost01w.html,2022
Natasha Howard,NYL,F,22,675,675,-0.4,15.5,19,20,31,8,35,6,122,9,14,/wnba/players/h/howarna01w.html,2022
Sabrina Ionescu,NYL,G,22,731,731,-1.9,13.5,39,17,31,1,29,3,336,9,16,/wnba/players/i/ionessa01w.html,2022
Marine Johannes,NYL,G,10,316,316,3.7,12.5,12,3,13,0,2,1,118,0,1,/wnba/players/j/johanma01w.html,2022
Betnijah Laney,NYL,G-F,4,136,136,-22.2,-21.1,6,6,5,0,2,2,40,0,2,/wnba/players/l/laneybe01w.html,2022
Michaela Onyenwere,NYL,F,22,302,302,-0.3,6.1,5,5,25,0,15,5,19,2,11,/wnba/players/o/onyenmi01w.html,2022
DiDi Richards,NYL,G-F,8,114,114,1.3,6.5,4,4,7,2,4,4,31,0,1,/wnba/players/r/richadi01w.html,2022
Sami Whitcomb,NYL,G,21,526,526,-5.8,-3.5,27,7,24,0,3,6,142,0,6,/wnba/players/w/whitcsa01w.html,2022
Jocelyn Willoughby,NYL,F-G,4,78,78,-24.7,-22.3,1,1,2,2,2,NA,5,2,4,/wnba/players/w/willojo01w.html,2022
Han Xu,NYL,C,18,334,334,0.9,8.4,3,4,14,5,16,NA,26,6,8,/wnba/players/x/xuha01w.html,2022
Kristine Anigwe,PHO,F-C,10,65,65,-24.5,-22.6,2,2,5,1,3,NA,4,0,3,/wnba/players/a/anigwkr01w.html,2022
Sophie Cunningham,PHO,G,16,411,411,0.6,7.1,1,5,21,5,10,4,57,4,5,/wnba/players/c/cunniso01w.html,2022
Diamond DeShields,PHO,G,23,597,597,-8.6,-13.5,30,9,23,5,52,7,111,10,11,/wnba/players/d/deshidi01w.html,2022
Skylar Diggins-Smith,PHO,G,22,746,746,0.4,16.8,39,10,19,7,46,5,278,14,19,/wnba/players/d/diggisk01w.html,2022
Megan Gustafson,PHO,C,23,188,188,-3.4,0.1,5,3,21,6,6,2,24,2,5,/wnba/players/g/gustame01w.html,2022
Shey Peddy,PHO,G,22,571,571,1.4,11.9,10,7,15,3,11,13,166,6,9,/wnba/players/p/peddysh01w.html,2022
Karlie Samuelson,PHO,F,1,10,10,-9.7,-6.3,0,1,0,0,0,NA,2,0,0,/wnba/players/s/samueka01w.html,2022
Jennie Simms,PHO,G,11,68,68,10.6,15.2,3,3,7,0,0,1,14,0,3,/wnba/players/s/simmsje01w.html,2022
Diana Taurasi,PHO,G,24,739,739,-6.8,-14.2,41,7,13,10,33,2,223,6,9,/wnba/players/t/tauradi01w.html,2022
Sam Thomas,PHO,F,15,69,69,-14,-11.3,1,0,1,0,0,NA,12,0,0,/wnba/players/t/thomasa01w.html,2022
Brianna Turner,PHO,F,23,764,764,0.1,16.6,15,5,33,10,8,4,116,0,9,/wnba/players/t/turnebr01w.html,2022
Sue Bird,SEA,G,18,469,469,7.8,4.4,35,4,1,0,2,7,242,0,1,/wnba/players/b/birdsu01w.html,2022
Briann January,SEA,G,23,436,436,-2.3,-14.9,24,5,13,1,5,7,154,1,3,/wnba/players/j/januabr01w.html,2022
Jantel Lavender,SEA,F,23,304,304,-1,-9.8,11,5,11,6,5,NA,55,0,5,/wnba/players/l/lavenja01w.html,2022
Jewell Loyd,SEA,G,23,696,696,8.8,13.1,28,14,25,3,33,14,211,8,10,/wnba/players/l/loydje01w.html,2022
Ezi Magbegor,SEA,C,20,573,573,9.1,8.8,15,7,33,3,18,2,80,4,19,/wnba/players/m/magbeez01w.html,2022
Raina Perez,SEA,G,1,2,2,-80,-86,0,0,0,0,0,NA,2,0,0,/wnba/players/p/perezra01w.html,2022
Epiphanny Prince,SEA,G,20,278,278,0.4,-7.5,4,3,4,1,6,1,83,3,6,/wnba/players/p/princep01w.html,2022
Mercedes Russell,SEA,C,5,54,54,-41.9,-50.6,4,1,2,1,2,NA,2,1,1,/wnba/players/r/russeme01w.html,2022
Breanna Stewart,SEA,F,21,638,638,11.5,19,10,7,15,7,55,3,151,12,10,/wnba/players/s/stewabr01w.html,2022
Stephanie Talbot,SEA,F,21,367,367,-4.6,-16.8,16,4,15,1,7,4,50,2,2,/wnba/players/t/talbost01w.html,2022
Gabby Williams,SEA,F,23,588,588,12.2,18.3,15,9,14,2,15,5,156,7,7,/wnba/players/w/williga01w.html,2022
Kiana Williams,SEA,G,3,27,27,25.4,20.1,1,1,0,0,0,NA,12,0,0,/wnba/players/w/williki02w.html,2022
Ariel Atkins,WAS,G,24,718,718,10.5,20.1,24,4,20,5,23,15,134,7,12,/wnba/players/a/atkinar01w.html,2022
Shakira Austin,WAS,C-F,24,511,511,9.3,8.6,13,11,22,7,36,5,46,8,9,/wnba/players/a/austish01w.html,2022
Katie Benzan,WAS,G,3,27,27,-5.8,-11.3,0,1,6,0,0,1,2,0,0,/wnba/players/b/benzaka01w.html,2022
Kennedy Burke,WAS,G-F,16,222,222,-6.1,-14.7,3,4,12,1,8,NA,17,3,8,/wnba/players/b/burkeke01w.html,2022
Alysha Clark,WAS,F,17,435,435,9.2,7.2,13,7,14,1,4,7,85,0,4,/wnba/players/c/clarkal01w.html,2022
Natasha Cloud,WAS,G,22,699,699,7.6,8.4,47,7,14,3,28,4,368,6,4,/wnba/players/c/cloudna01w.html,2022
Elena Delle Donne,WAS,F-G,15,405,405,11.2,10.3,5,6,8,4,23,3,71,4,7,/wnba/players/d/delleel01w.html,2022
Tianna Hawkins,WAS,F,20,260,260,-2,-9.9,7,6,14,5,7,1,45,3,8,/wnba/players/h/hawkiti01w.html,2022
Myisha Hines-Allen,WAS,F,24,462,462,-0.5,-10.8,12,8,16,9,14,5,129,2,11,/wnba/players/h/hinesmy01w.html,2022
Rui Machida,WAS,G,24,332,332,-3.9,-13.9,23,3,7,0,3,1,148,1,3,/wnba/players/m/machiru01w.html,2022
Shatori Walker-Kimbrough,WAS,G,23,470,470,6.9,3.3,17,8,12,0,14,5,64,3,9,/wnba/players/w/walkesh01w.html,2022
Elizabeth Williams,WAS,C-F,18,305,305,0.1,-7.3,8,3,15,1,16,3,23,4,11,/wnba/players/w/williel01w.html,2022
Emma Cannon,TOT,F,12,126,126,-21.3,-13.9,0,0,7,2,10,2,16,1,6,/wnba/players/c/cannoem01w.html,2022
Tina Charles,TOT,C,21,621,621,-7.1,-12.2,17,7,23,13,27,3,91,4,11,/wnba/players/c/charlti01w.html,2022
Crystal Dangerfield,TOT,G,19,404,404,-1.4,9.5,12,6,9,3,5,4,122,1,2,/wnba/players/d/dangecr01w.html,2022
Kaela Davis,TOT,F,2,28,28,25.9,19.5,1,1,4,0,1,NA,2,1,3,/wnba/players/d/daviska01w.html,2022
AD Durr,TOT,G,20,295,295,-14.4,-13.4,10,6,13,0,14,NA,57,4,6,/wnba/players/d/durras01w.html,2022
Reshanda Gray,TOT,F,16,144,144,-2.7,-4,3,1,12,8,3,4,10,0,4,/wnba/players/g/grayre01w.html,2022
Moriah Jefferson,TOT,G,18,513,513,-3.8,-3.8,20,9,26,1,18,8,220,2,7,/wnba/players/j/jeffemo01w.html,2022
Stephanie Jones,TOT,F,5,27,27,-1.8,-8.3,0,0,3,0,0,1,5,0,3,/wnba/players/j/jonesst01w.html,2022
Yvonne Turner,TOT,G,6,104,104,-12.6,-11.3,8,1,4,0,5,NA,25,1,3,/wnba/players/t/turneyv01w.html,2022
Evina Westbrook,TOT,G,16,185,185,-6.2,-8.9,8,4,6,1,4,2,58,1,3,/wnba/players/w/westbev01w.html,2022
Kaela Davis,CHI,F,1,10,10,-4.8,-12.4,1,1,2,0,0,NA,2,0,1,/wnba/players/d/daviska01w.html,2022
Moriah Jefferson,DAL,G,1,4,4,-122.2,-122.5,0,0,0,0,0,NA,0,0,0,/wnba/players/j/jeffemo01w.html,2022
Crystal Dangerfield,IND,G,3,49,49,18.2,32.9,2,1,0,0,1,NA,24,0,0,/wnba/players/d/dangecr01w.html,2022
Yvonne Turner,MIN,G,4,88,88,-10.8,-10,8,1,4,0,4,NA,23,1,2,/wnba/players/t/turneyv01w.html,2022
Evina Westbrook,MIN,G,14,173,173,-4.9,-3.8,8,2,5,1,4,2,51,1,3,/wnba/players/w/westbev01w.html,2022
AD Durr,NYL,G,10,70,70,-35.4,-33.8,3,2,3,0,2,NA,9,0,0,/wnba/players/d/durras01w.html,2022
Emma Cannon,PHO,F,1,6,6,-10.3,-6.8,0,0,0,0,1,NA,3,0,0,/wnba/players/c/cannoem01w.html,2022
Tina Charles,PHO,C,16,530,530,-9.4,-13,9,6,17,10,23,3,82,1,11,/wnba/players/c/charlti01w.html,2022
Reshanda Gray,SEA,F,11,85,85,-1.5,-7.9,1,0,4,6,2,2,2,0,1,/wnba/players/g/grayre01w.html,2022
Stephanie Jones,WAS,F,3,19,19,-10.7,-16.2,0,0,3,0,0,1,3,0,3,/wnba/players/j/jonesst01w.html,2022
Emma Cannon,IND,F,11,120,120,-21.9,-10.2,0,0,7,2,9,2,13,1,6,/wnba/players/c/cannoem01w.html,2022
Moriah Jefferson,MIN,G,17,509,509,-2.7,-2.3,20,9,26,1,18,8,220,2,7,/wnba/players/j/jeffemo01w.html,2022
Kaela Davis,SEA,F,1,18,18,45.9,40.9,0,0,2,0,1,NA,0,1,2,/wnba/players/d/daviska01w.html,2022
Stephanie Jones,CON,F,2,8,8,17.6,10,0,0,0,0,0,NA,2,0,0,/wnba/players/j/jonesst01w.html,2022
Crystal Dangerfield,NYL,G,16,355,355,-4.3,0.1,10,5,9,3,4,4,98,1,2,/wnba/players/d/dangecr01w.html,2022
Yvonne Turner,ATL,G,2,16,16,-23.3,-21.6,0,0,0,0,1,NA,2,0,1,/wnba/players/t/turneyv01w.html,2022
AD Durr,ATL,G,10,225,225,-7.7,-7.5,7,4,10,0,12,NA,48,4,6,/wnba/players/d/durras01w.html,2022
Reshanda Gray,PHO,F,5,59,59,-4.3,-0.9,2,1,8,2,1,2,8,0,3,/wnba/players/g/grayre01w.html,2022
Evina Westbrook,WAS,G,2,12,12,-24.3,-30,0,2,1,0,0,NA,7,0,0,/wnba/players/w/westbev01w.html,2022
Tina Charles,SEA,C,5,91,91,5.3,-0.5,8,1,6,3,4,NA,9,3,0,/wnba/players/c/charlti01w.html,2022
